,STAID,STANAME,DRAIN_SQKM,HUC02,LAT_GAGE,LNG_GAGE,STATE,BOUND_SOURCE,HCDN-2009,HBN36,OLD_HCDN,NSIP_SENTINEL,FIPS_SITE,COUNTYNAME_SITE,NAWQA_SUID
1,1013500,"Fish River near Fort Kent, Maine",2252.696,1,47.23739444,-68.58264167,ME,3,yes,,yes,,23003,Aroostook,
18,1022500,"Narraguagus River at Cherryfield, Maine",573.6006,1,44.60797222,-67.93524167,ME,3,yes,,yes,yes,23029,Washington,
24,1030500,"Mattawamkeag River near Mattawamkeag, Maine",3676.172,1,45.500975,-68.30595556,ME,1,yes,,yes,yes,23019,Penobscot,
27,1031500,"Piscataquis River near Dover-Foxcroft, Maine",769.0482,1,45.17500833,-69.31469722,ME,1,yes,,yes,,23021,Piscataquis,
44,1047000,"Carrabassett River near North Anson, Maine",909.0972,1,44.8692,-69.95510278,ME,3,yes,,yes,yes,23025,Somerset,
52,1052500,"Diamond River near Wentworth Location, NH",383.8234,1,44.87739444,-71.05749444,NH,3,yes,,yes,,33007,Coos,
56,1054200,"Wild River at Gilead, Maine",180.981,1,44.39044444,-70.97964444,ME,1,yes,yes,yes,,23017,Oxford,
59,1055000,"Swift River near Roxbury, Maine",250.641,1,44.64274722,-70.58878333,ME,1,yes,,yes,yes,23017,Oxford,
61,1057000,"Little Androscoggin River near South Paris, Maine",190.9188,1,44.30399167,-70.53968056,ME,1,yes,,yes,,23017,Oxford,
83,1073000,"OYSTER RIVER NEAR DURHAM, NH",31.2984,1,43.14869556,-70.96506028,NH,1,yes,,yes,,33017,Strafford,
97,1078000,"SMITH RIVER NEAR BRISTOL, NH",222.4566,1,43.56646306,-71.7478569,NH,1,yes,,yes,yes,33013,Merrimack,
216,1117468,"BEAVER RIVER NEAR USQUEPAUG, RI",25.3413,1,41.49260028,-71.6281194,RI,1,yes,,,,44009,Washington,
220,1118300,"PENDLETON HILL BROOK NEAR CLARKS FALLS, CT.",10.3644,1,41.47482139,-71.8342372,CT,1,yes,,,,9011,New London,
226,1121000,"MOUNT HOPE RIVER NEAR WARRENVILLE, CT.",70.25372,1,41.84370889,-72.1689661,CT,4,yes,,yes,,9015,Windham,conn
229,1123000,"LITTLE RIVER NEAR HANOVER, CT.",77.85271,1,41.671765,-72.052298,CT,1,yes,,,,9015,Windham,
249,1134500,"MOOSE RIVER AT VICTORY, VT",195.1299,1,44.51172311,-71.8373143,VT,1,yes,,yes,,50009,Essex,
254,1137500,"AMMONOOSUC RIVER AT BETHLEHEM JUNCTION, NH",228.5543,1,44.2686741,-71.63036172,NH,4,yes,,yes,,33009,Grafton,conn
256,1139000,"WELLS RIVER AT WELLS RIVER, VT",246.3333,1,44.15034134,-72.06509154,VT,4,yes,,,,50017,Orange,conn
257,1139800,"EAST ORANGE BRANCH AT EAST ORANGE, VT",22.7997,1,44.09284191,-72.33565327,VT,1,yes,,,,50017,Orange,
260,1142500,"AYERS BROOK AT RANDOLPH, VT",82.16668,1,43.93450969,-72.65788214,VT,4,yes,,yes,,50017,Orange,conn
261,1144000,"WHITE RIVER AT WEST HARTFORD, VT",1790.244,1,43.7142361,-72.41814889,VT,4,yes,,yes,yes,50027,Windsor,conn
264,1150900,"OTTAUQUECHEE RIVER NEAR WEST BRIDGEWATER, VT",61.1667,1,43.62229069,-72.7589899,VT,1,yes,,,,50021,Rutland,
285,1162500,"PRIEST BROOK NEAR WINCHENDON, MA",49.70559,1,42.6825859,-72.1150812,MA,4,yes,,yes,yes,25027,Worcester,conn
293,1169000,"NORTH RIVER AT SHATTUCKVILLE, MA",230.6412,1,42.63841778,-72.7250922,MA,1,yes,,yes,,25011,Franklin,
296,1170100,"GREEN RIVER NEAR COLRAIN, MA",106.9924,1,42.70341694,-72.6706475,MA,4,yes,,yes,,25011,Franklin,conn
317,1181000,"WEST BRANCH WESTFIELD RIVER AT HUNTINGTON, MA",243.495,1,42.23731167,-72.8956542,MA,1,yes,,yes,,25015,Hampshire,
326,1187300,"HUBBARD RIVER NR. WEST HARTLAND, CT.",53.919,1,42.03731639,-72.9389911,MA,1,yes,,,,25013,Hampden,
341,1195100,"INDIAN RIVER NEAR CLINTON, CT.",14.8383,1,41.3059325,-72.53120139,CT,1,yes,,,,9007,Middlesex,
372,1208990,"SAUGATUCK RIVER NEAR REDDING, CT.",53.77249,1,41.29454,-73.39512028,CT,4,yes,,,,9001,Fairfield,conn
425,1333000,"GREEN RIVER AT WILLIAMSTOWN, MA",112.1643,2,42.70896944,-73.196773,MA,3,yes,,yes,,25003,Berkshire,
443,1350000,SCHOHARIE CREEK AT PRATTSVILLE NY,612.5148,2,42.31952821,-74.43653726,NY,1,yes,,yes,yes,36039,Greene,
445,1350080,MANOR KILL AT WEST CONESVILLE NEAR GILBOA NY,83.8404,2,42.3770259,-74.4129244,NY,1,yes,,,,36095,Schoharie,
448,1350140,MINE KILL NEAR NORTH BLENHEIM NY,43.7598,2,42.42896817,-74.47292501,NY,1,yes,,,,36095,Schoharie,
460,1362200,ESOPUS CREEK AT ALLABEN NY,169.1902,2,42.1170341,-74.38014921,NY,4,yes,,,,36111,Ulster,hdsn
468,1365000,RONDOUT CREEK NEAR LOWES CORNERS NY,99.5688,2,41.86648184,-74.48710014,NY,1,yes,,yes,,36105,Sullivan,
590,1411300,TUCKAHOE RIVER AT HEAD OF RIVER NJ,79.3179,2,39.30694444,-74.8205556,NJ,1,yes,,,,34001,Atlantic,
597,1413500,EAST BR DELAWARE R AT MARGARETVILLE NY,424.1025,2,42.14481017,-74.65348886,NY,1,yes,,yes,,36025,Delaware,
599,1414500,MILL BROOK NEAR DUNRAVEN NY,64.4517,2,42.10619915,-74.7304349,NY,1,yes,,yes,,36025,Delaware,
600,1415000,TREMPER KILL NEAR ANDES NY,85.6287,2,42.1200874,-74.81849264,NY,1,yes,,,,36025,Delaware,
618,1423000,WEST BRANCH DELAWARE RIVER AT WALTON NY,859.6809,2,42.16619633,-75.13989107,NY,4,yes,,yes,,36025,Delaware,delr
641,1434025,BISCUIT BK ABOVE PIGEON BK AT FROST VALLEY NY,9.7002,2,41.99537004,-74.50098708,NY,1,yes,,,,36111,Ulster,
643,1435000,NEVERSINK RIVER NEAR CLARYVILLE NY,172.458,2,41.89009153,-74.58987933,NY,4,yes,yes,yes,,36105,Sullivan,delr
650,1439500,"Bush Kill at Shoemakers, PA",305.8776,2,41.08815078,-75.03767469,PA,4,yes,,yes,yes,42089,Monroe,delr
652,1440000,FLAT BROOK NEAR FLATBROOKVILLE NJ,167.7204,2,41.10666667,-74.9522222,NJ,4,yes,,yes,,34037,Sussex,delr
654,1440400,"Brodhead Creek near Analomink, PA",175.2084,2,41.08481482,-75.21462514,PA,3,yes,,yes,,42089,Monroe,
681,1451800,"Jordan Creek near Schnecksville, PA",135.8448,2,40.66176219,-75.626854,PA,4,yes,,,,42077,Lehigh,delr
705,1466500,MCDONALDS BRANCH IN LEBANON STATE FOREST NJ,5.376711,2,39.885,-74.50527778,NJ,3,yes,yes,yes,yes,34005,Burlington,
784,1484100,"BEAVERDAM BRANCH AT HOUSTON, DE",9.004751,2,38.90577778,-75.51275,DE,4,yes,,,,10001,Kent,podl
791,1485500,"NASSAWANGO CREEK NEAR SNOW HILL, MD",141.5394,2,38.22891667,-75.47144444,MD,4,yes,,,,24047,Worcester,podl
792,1486000,"MANOKIN BRANCH NEAR PRINCESS ANNE, MD",11.1807,2,38.21388889,-75.67138889,MD,1,yes,,,,24039,Somerset,
794,1487000,"NANTICOKE RIVER NEAR BRIDGEVILLE, DE",187.4102,2,38.72833333,-75.56186111,DE,4,yes,,yes,yes,10005,Sussex,podl
798,1491000,"CHOPTANK RIVER NEAR GREENSBORO, MD",292.0401,2,38.99719444,-75.78580556,MD,1,yes,,yes,,24011,Caroline,
821,1510000,OTSELIC RIVER AT CINCINNATUS NY,382.986,2,42.54118127,-75.8996425,NY,1,yes,,,,36023,Cortland,
828,1516500,"Corey Creek near Mainesburg, PA",31.4838,2,41.79090746,-77.01468773,PA,1,yes,,,,42117,Tioga,
833,1518862,"Cowanesque River at Westfield, PA",233.9109,2,41.92312576,-77.53192977,PA,1,yes,,,,42117,Tioga,
852,1532000,"Towanda Creek near Monroeton, PA",553.941,2,41.7070195,-76.48466538,PA,1,yes,,yes,,42015,Bradford,
863,1539000,"Fishing Creek near Bloomsburg, PA",701.7795,2,41.07814118,-76.43105551,PA,3,yes,,yes,,42037,Columbia,
871,1542810,"Waldy Run near Emporium, PA",13.6242,2,41.57895225,-78.29251214,PA,1,yes,,,,42023,Cameron,
872,1543000,"Driftwood Br Sinnemahoning Cr at Sterling Run, PA",705.4974,2,41.41339593,-78.19695238,PA,1,yes,,,,42023,Cameron,
873,1543500,"Sinnemahoning Creek at Sinnemahoning, PA",1778.258,2,41.31728467,-78.10305957,PA,3,yes,,yes,,42023,Cameron,
875,1544500,"Kettle Creek at Cross Fork, PA",355.0644,2,41.4758994,-77.82582513,PA,1,yes,,,,42035,Clinton,
878,1545600,"Young Womans Creek near Renovo, PA",119.9975,2,41.38951168,-77.6908191,PA,1,yes,yes,yes,,42035,Clinton,
884,1547700,"Marsh Creek at Blanchard, PA",113.5386,2,41.05950916,-77.60582641,PA,3,yes,,yes,,42027,Centre,
888,1548500,"Pine Creek at Cedar Run, PA",1557.047,2,41.52173586,-77.44747983,PA,3,yes,,yes,yes,42081,Lycoming,
889,1549500,"Blockhouse Creek near English Center, PA",97.4853,2,41.47368336,-77.23080907,PA,1,yes,,yes,,42081,Lycoming,
891,1550000,"Lycoming Creek near Trout Run, PA",452.6757,2,41.41840957,-77.03274598,PA,3,yes,,,,42081,Lycoming,
893,1552000,"Loyalsock Creek at Loyalsockville, PA",1129.486,2,41.32507836,-76.91246379,PA,1,yes,,,,42081,Lycoming,
894,1552500,"Muncy Creek near Sonestown, PA",60.6384,2,41.35702418,-76.53467084,PA,1,yes,,,,42113,Sullivan,
902,1557500,"Bald Eagle Creek at Tyrone, PA",115.2963,2,40.68367333,-78.23362439,PA,1,yes,,,,42013,Blair,
910,1564500,"Aughwick Creek near Three Springs, PA",445.5612,2,40.21258144,-77.92527644,PA,1,yes,,yes,,42061,Huntingdon,
914,1567500,"Bixler Run near Loysville, PA",38.7729,2,40.37091615,-77.40220903,PA,1,yes,,,,42099,Perry,
915,1568000,"Sherman Creek at Shermans Dale, PA",534.3948,2,40.32341928,-77.16887034,PA,1,yes,,yes,,42099,Perry,
937,1580000,"DEER CREEK AT ROCKS, MD",244.3698,2,39.62997222,-76.40330556,MD,1,yes,,yes,yes,24025,Harford,
955,1583500,"WESTERN RUN AT WESTERN RUN, MD",155.8494,2,39.51077778,-76.6765,MD,1,yes,,yes,,24005,Baltimore,
972,1586610,"MORGAN RUN NEAR LOUISVILLE, MD",72.7047,2,39.45188889,-76.95530556,MD,1,yes,,,,24013,Carroll,
989,1591400,"CATTAIL CREEK NEAR GLENWOOD, MD",59.094,2,39.25597222,-77.05105556,MD,1,yes,,,,24027,Howard,
1001,1594950,"MCMILLAN F NEAR FORT PENDLETON, MD",6.1182,2,39.27669,-79.39031,MD,3,yes,,,,24023,Garrett,
1007,1596500,"SAVAGE RIVER NEAR BARTON, MD",124.6505,2,39.57005556,-79.10194444,MD,4,yes,,,,24023,Garrett,podl
1019,1605500,"SOUTH BRANCH POTOMAC RIVER AT FRANKLIN, WV",463.8492,2,38.63567247,-79.33781993,WV,1,yes,,,,54071,Pendleton,
1021,1606500,"SO. BRANCH POTOMAC RIVER NR PETERSBURG, WV",1684.547,2,38.99122107,-79.17587059,WV,4,yes,,,,54023,Grant,podl
1030,1613050,"Tonoloway Creek near Needmore, PA",27.8982,2,39.89842119,-78.13222904,PA,1,yes,,,,42057,Fulton,
1047,1620500,"NORTH RIVER NEAR STOKESVILLE, VA",44.74026,2,38.33762566,-79.24003625,VA,4,yes,,,,51015,Augusta,podl
1059,1632000,"N F SHENANDOAH RIVER AT COOTES STORE, VA",543.357,2,38.63706254,-78.852803,VA,1,yes,,yes,,51165,Rockingham,
1061,1632900,"SMITH CREEK NEAR NEW MARKET, VA",245.0484,2,38.69345016,-78.64279353,VA,1,yes,,,,51171,Shenandoah,
1064,1634500,"CEDAR CREEK NEAR WINCHESTER, VA",263.9817,2,39.08121763,-78.32944861,VA,1,yes,,yes,,51171,Shenandoah,
1076,1638480,"CATOCTIN CREEK AT TAYLORSTOWN, VA",231.9951,2,39.25454651,-77.57637775,VA,4,yes,,,,51107,Loudoun,podl
1079,1639500,"BIG PIPE CREEK AT BRUCEVILLE, MD",267.1785,2,39.61236111,-77.23744444,MD,3,yes,,yes,,24013,Carroll,
1093,1644000,"GOOSE CREEK NEAR LEESBURG, VA",859.1698,2,39.01955309,-77.57749181,VA,4,yes,,yes,,51107,Loudoun,podl
1128,1658500,"S F QUANTICO CREEK NEAR INDEPENDENT HILL, VA",19.34224,2,38.5873427,-77.4285958,VA,4,yes,,,yes,51153,Prince William,podl
1142,1664000,"RAPPAHANNOCK RIVER AT REMINGTON, VA",1605.101,2,38.53067996,-77.81360454,VA,1,yes,,yes,,51061,Fauquier,
1145,1666500,"ROBINSON RIVER NEAR LOCUST DALE, VA",463.1463,2,38.32513047,-78.0955557,VA,1,yes,,yes,,51047,Culpeper,
1146,1667500,"RAPIDAN RIVER NEAR CULPEPER, VA",1209.747,2,38.35040774,-77.97499722,VA,1,yes,,yes,,51137,Orange,
1150,1669000,"PISCATAWAY CREEK NEAR TAPPAHANNOCK, VA",71.84071,2,37.87708193,-76.90052102,VA,1,yes,,,,51057,Essex,
1152,1669520,"DRAGON SWAMP AT MASCOT, VA",277.3854,2,37.63375293,-76.69634683,VA,1,yes,,,,51097,King And Queen,
1168,2011400,"JACKSON RIVER NEAR BACOVA, VA",407.7162,2,38.04234707,-79.88144394,VA,1,yes,,,,51017,Bath,
1169,2011460,"BACK CREEK NEAR SUNRISE, VA",156.3408,2,38.24540129,-79.76866328,VA,1,yes,,,,51017,Bath,
1175,2013000,"DUNLAP CREEK NEAR COVINGTON, VA",424.7766,2,37.80290223,-80.04700431,VA,1,yes,,yes,,51005,Alleghany,
1177,2014000,"POTTS CREEK NEAR COVINGTON, VA",396.783,2,37.72901408,-80.04228024,VA,1,yes,,yes,,51005,Alleghany,
1178,2015700,"BULLPASTURE RIVER AT WILLIAMSVILLE, VA",285.4062,2,38.19540308,-79.57032338,VA,1,yes,,yes,,51017,Bath,
1179,2016000,"COWPASTURE RIVER NEAR CLIFTON FORGE, VA",1194.551,2,37.79179587,-79.75949166,VA,1,yes,,yes,,51005,Alleghany,
1181,2017500,"JOHNS CREEK AT NEW CASTLE, VA",276.1497,2,37.50623973,-80.10671504,VA,1,yes,,yes,,51045,Craig,
1182,2018000,"CRAIG CREEK AT PARR, VA",852.3431,2,37.66596174,-79.91143881,VA,3,yes,,yes,yes,51023,Botetourt,
1193,2027000,"TYE RIVER NEAR LOVINGSTON, VA",240.7671,2,37.71541868,-78.98169097,VA,1,yes,,,,51125,Nelson,
1194,2027500,"PINEY RIVER AT PINEY RIVER, VA",123.3423,2,37.70236251,-79.02752541,VA,1,yes,,,yes,51009,Amherst,
1196,2028500,"ROCKFISH RIVER NEAR GREENFIELD, VA",245.4534,2,37.86958499,-78.82335431,VA,1,yes,,,,51125,Nelson,
1210,2038850,"HOLIDAY CREEK NEAR ANDERSONVILLE, VA",22.00359,2,37.41542434,-78.63583923,VA,1,yes,yes,yes,yes,51011,Appomattox,
1222,2046000,"STONY CREEK NEAR DINWIDDIE, VA",288.5238,3,37.06709421,-77.602489,VA,3,yes,,yes,,51053,Dinwiddie,
1227,2051000,"NORTH MEHERRIN RIVER NEAR LUNENBURG, VA",144.8227,3,36.99737383,-78.34971815,VA,4,yes,,,,51111,Lunenburg,albe
1228,2051500,"MEHERRIN RIVER NEAR LAWRENCEVILLE, VA",1428.706,3,36.71681395,-77.83165822,VA,3,yes,,yes,,51025,Brunswick,
1232,2053200,"POTECASI CREEK NEAR UNION, NC",583.6599,3,36.37083333,-77.02555556,NC,3,yes,,yes,yes,37091,Hertford,
1234,2053800,"S F ROANOKE RIVER NEAR SHAWSVILLE, VA",280.7226,3,37.14013231,-80.26643281,VA,3,yes,,yes,,51121,Montgomery,
1238,2055100,"TINKER CREEK NEAR DALEVILLE, VA",30.5352,3,37.41763318,-79.93531928,VA,1,yes,,,,51023,Botetourt,
1241,2056900,"BLACKWATER RIVER NEAR ROCKY MOUNT, VA",298.1079,3,37.0451406,-79.8441993,VA,1,yes,,,,51067,Franklin,
1244,2059500,"GOOSE CREEK NEAR HUDDLESTON, VA",485.4078,3,37.17319951,-79.5203076,VA,1,yes,,yes,,51019,Bedford,
1249,2064000,"FALLING RIVER NEAR NARUNA, VA",427.7682,3,37.12680956,-78.95973745,VA,1,yes,,yes,,51031,Campbell,
1250,2065500,"CUB CREEK AT PHENIX, VA",252.5787,3,37.07931121,-78.76361777,VA,1,yes,,,,51037,Charlotte,
1255,2069700,"SOUTH MAYO RIVER NEAR NETTLERIDGE, VA",221.1336,3,36.57097103,-80.12949277,VA,1,yes,,,,51141,Patrick,
1256,2070000,"NORTH MAYO RIVER NEAR SPENCER, VA",270.6084,3,36.56819358,-79.98726539,VA,3,yes,,yes,,51089,Henry,
1264,2074500,"SANDY RIVER NEAR DANVILLE, VA",288.531,3,36.61958252,-79.50419322,VA,1,yes,,yes,,51143,Pittsylvania,
1270,2077200,"HYCO CREEK NEAR LEASBURG, NC",121.6944,3,36.39777778,-79.19666667,NC,1,yes,,,,37033,Caswell,
1276,208111310,"CASHIE RIVER AT SR1257 NEAR WINDSOR, NC",288.4779,3,36.04777778,-76.9841667,NC,1,yes,,,,37015,Bertie,
1277,2081500,"TAR RIVER NEAR TAR RIVER, NC",428.3661,3,36.19416667,-78.58305556,NC,4,yes,,,,37077,Granville,albe
1283,2082950,"LITTLE FISHING CREEK NEAR WHITE OAK, NC",460.8531,3,36.18333333,-77.87611111,NC,1,yes,,,,37083,Halifax,
1289,2084557,"VAN SWAMP NEAR HOKE, NC",56.13005,3,35.73083333,-76.74611111,NC,4,yes,,,,37187,Washington,albe
1329,2092500,"TRENT RIVER NEAR TRENTON, NC",447.5751,3,35.06416667,-77.46138889,NC,4,yes,,yes,yes,37103,Jones,albe
1346,2096846,"CANE CREEK NEAR ORANGE GROVE, NC",19.5696,3,35.987222,-79.206111,NC,1,yes,,,,37135,Orange,
1368,2102908,"FLAT CREEK NEAR INVERNESS, NC",19.7253,3,35.18277778,-79.1775,NC,1,yes,,,,37093,Hoke,
1379,2108000,"NORTHEAST CAPE FEAR RIVER NEAR CHINQUAPIN, NC",1569.485,3,34.82888889,-77.83222222,NC,3,yes,,,,37061,Duplin,
1382,2110500,"WACCAMAW RIVER NEAR LONGS, SC",2908.315,3,33.9126719,-78.71501746,SC,3,yes,,yes,,45051,Horry,
1386,2111180,"ELK CREEK AT ELKVILLE, NC",131.4666,3,36.07138889,-81.40305556,NC,1,yes,,yes,yes,37193,Wilkes,
1388,2111500,"REDDIES RIVER AT NORTH WILKESBORO, NC",233.6607,3,36.175,-81.16888889,NC,1,yes,,yes,,37193,Wilkes,
1390,2112120,"ROARING RIVER NEAR ROARING RIVER, NC",322.2684,3,36.25027778,-81.04444444,NC,3,yes,,yes,,37193,Wilkes,
1392,2112360,"MITCHELL RIVER NEAR STATE ROAD, NC",205.2963,3,36.31138889,-80.80722222,NC,1,yes,,,,37171,Surry,
1402,2118500,"HUNTING CREEK NEAR HARMONY, NC",400.527,3,36.00055556,-80.74555556,NC,1,yes,,,,37097,Iredell,
1419,2125000,"BIG BEAR CR NR RICHFIELD, NC",144.5499,3,35.33472222,-80.33555556,NC,1,yes,,,,37167,Stanly,
1422,2128000,"LITTLE RIVER NEAR STAR, NC",273.4758,3,35.38722222,-79.83138889,NC,1,yes,,,yes,37123,Montgomery,
1446,2137727,"CATAWBA R NR PLEASANT GARDENS, NC",329.544,3,35.68583333,-82.06027778,NC,1,yes,,,,37111,Mcdowell,
1450,2140991,"JOHNS RIVER AT ARNEYS STORE, NC",521.9865,3,35.83361111,-81.71194444,NC,1,yes,,,,37023,Burke,
1464,2143000,"HENRY FORK NEAR HENRY RIVER, NC",216.6723,3,35.68444444,-81.40333333,NC,1,yes,,,,37035,Catawba,
1465,2143040,"JACOB FORK AT RAMSEY, NC",66.48413,3,35.59068629,-81.56703706,NC,4,yes,,yes,,37023,Burke,sant
1506,2149000,"COVE CREEK NEAR LAKE LURE, NC",203.8527,3,35.42345364,-82.11149778,NC,1,yes,,yes,,37161,Rutherford,
1510,2152100,"FIRST BROAD RIVER NEAR CASAR, NC",154.9944,3,35.49305556,-81.68222222,NC,3,yes,,yes,,37045,Cleveland,
1584,2177000,"CHATTOOGA RIVER NEAR CLAYTON, GA",526.7736,3,34.81398141,-83.30599301,GA,1,yes,,yes,yes,13241,Rabun,
1585,2178400,"TALLULAH RIVER NEAR CLAYTON, GA",151.2753,3,34.89037075,-83.53044102,GA,1,yes,,yes,,13241,Rabun,
1599,2193340,"KETTLE CREEK NEAR WASHINGTON, GA",87.8733,3,33.68262815,-82.857923,GA,1,yes,,,,13317,Wilkes,
1602,2196000,"STEVENS CREEK NEAR MODOC, SC",1408.382,3,33.72929717,-82.18178732,SC,1,yes,,yes,,45065,Mccormick,
1628,2198100,"BEAVERDAM CREEK NEAR SARDIS, GA",79.49071,3,32.93765809,-81.8153916,GA,1,yes,,,,13165,Jenkins,
1635,2202600,"BLACK CREEK NEAR BLITCHTON, GA",590.472,3,32.16798033,-81.48816698,GA,1,yes,,,yes,13029,Bryan,
1662,2212600,"FALLING CREEK NEAR JULIETTE, GA",187.9614,3,33.0998535,-83.72351041,GA,1,yes,,yes,yes,13169,Jones,
1668,2215100,"TUCSAWHATCHEE CREEK NEAR HAWKINSVILLE, GA",420.2923,3,32.23944444,-83.50166667,GA,4,yes,,,,13235,Pulaski,gafl
1670,2216180,"TURNPIKE CREEK NEAR MCRAE, GA",129.111,3,31.99138889,-82.92194444,GA,4,yes,,,,13271,Telfair,gafl
1685,2221525,"MURDER CREEK BELOW EATONTON, GA",490.7976,3,33.25235506,-83.48127624,GA,4,yes,,,,13237,Putnam,gafl
1704,2231000,"ST. MARYS RIVER NR MACCLENNY, FLA.",1748.368,3,30.35884726,-82.08150134,FL,4,yes,,yes,yes,12003,Baker,gafl
1707,2231342,"FT DRUM CREEK AT SUNSHINE ST PKY NEAR FT DRUM, FL",111.5622,3,27.5686473,-80.7961709,FL,3,yes,,,,12093,Okeechobee,
1732,2235200,"BLACKWATER CREEK NEAR CASSIA, FL",297.6956,3,28.87453056,-81.48938333,FL,4,yes,,,,12069,Lake,gafl
1735,2236500,"BIG CREEK NEAR CLERMONT, FL",146.8755,3,28.44778229,-81.74007599,FL,3,yes,,,,12069,Lake,
1755,2245500,"SOUTH FORK BLACK CREEK NR PENNEY FARMS, FLA.",348.4345,3,29.97940752,-81.85204256,FL,4,yes,,,,12019,Clay,gafl
1756,2246000,"NORTH FORK BLACK CREEK NR MIDDLEBURG, FLA.",451.0611,3,30.11329532,-81.9064915,FL,1,yes,,yes,,12019,Clay,
1821,2296500,CHARLIE CREEK NEAR GARDNER FL,886.3965,3,27.37504297,-81.79647082,FL,1,yes,,,,12049,Hardee,
1825,2297155,HORSE CREEK NEAR MYAKKA HEAD FL,93.6036,3,27.48726132,-82.02341972,FL,1,yes,,,,12049,Hardee,
1826,2297310,HORSE CREEK NEAR ARCADIA FL,528.3765,3,27.19949477,-81.98841931,FL,1,yes,,,,12027,De Soto,
1828,2298123,PRAIRIE CREEK NEAR FORT OGDEN FL,540.6534,3,27.05199986,-81.78452667,FL,1,yes,,,,12027,De Soto,
1834,2298608,MYAKKA RIVER AT MYAKKA CITY FL,312.3423,3,27.34365621,-82.15675562,FL,1,yes,,,,12081,Manatee,
1841,2299950,MANATEE RIVER NEAR MYAKKA HEAD FL,174.2715,3,27.47365137,-82.21120106,FL,1,yes,,,,12081,Manatee,
1852,2300700,BULLFROG CREEK NEAR WIMAUMA FL,73.84104,3,27.79197208,-82.35203685,FL,4,yes,,,,12057,Hillsborough,gafl
1896,2310947,"WITHLACOOCHEE RIVER NEAR CUMPRESSCO, FLA.",649.5634,3,28.31195156,-82.05591468,FL,1,yes,,,,12101,Pasco,
1899,2312200,"LITTLE WITHLACOOCHEE RIVER AT RERDELL, FLA.",413.4789,3,28.57277286,-82.15536307,FL,1,yes,,,yes,12053,Hernando,
1914,2314500,"SUWANNEE RIVER AT US 441, AT FARGO, GA",3322.154,3,30.68055556,-82.56055556,GA,4,yes,,yes,yes,13065,Clinch,gafl
1916,2315500,"SUWANNEE RIVER AT WHITE SPRINGS, FLA.",6136.255,3,30.32578122,-82.73818263,FL,1,yes,,,,12023,Columbia,
1943,2324000,"STEINHATCHEE RIVER NEAR CROSS CITY, FLA.",791.0239,3,29.78661294,-83.32152625,FL,4,yes,,yes,,12123,Taylor,gafl
1944,2324400,"FENHOLLOWAY RIVER NEAR FOLEY, FLA.",176.2654,3,30.09827057,-83.47181116,FL,4,yes,,,,12123,Taylor,gafl
1953,2327100,"SOPCHOPPY RIVER NR SOPCHOPPY, FLA.",271.1182,3,30.12936856,-84.49434823,FL,4,yes,yes,yes,yes,12129,Wakulla,gafl
2019,2342933,SOUTH FORK COWIKEE CREEK NEAR BATESVILLE AL,290.0952,3,32.01765721,-85.29577044,AL,1,yes,,,,1005,Barbour,
2040,2349900,"TURKEY CREEK AT BYROMVILLE, GA",122.8673,3,32.19555556,-83.90222222,GA,4,yes,,yes,,13093,Dooly,acfb
2044,2350900,"KINCHAFOONEE CREEK NEAR DAWSON, GA",1365.12,3,31.76444444,-84.25333333,GA,4,yes,,,,13177,Lee,acfb
2067,2361000,"CHOCTAWHATCHEE RIVER NEAR NEWTON, AL.",1781.611,3,31.34294923,-85.61049115,AL,3,yes,,yes,yes,1045,Dale,
2070,2363000,PEA RIVER NEAR ARITON AL,1292.513,3,31.59488716,-85.78299751,AL,1,yes,,,,1045,Dale,
2087,2369800,BLACKWATER RIVER NEAR BRADLEY AL,227.5129,3,31.02767985,-86.70995668,AL,1,yes,,yes,yes,1053,Escambia,
2092,2371500,CONECUH RIVER AT BRANTLEY AL,1292.785,3,31.57349458,-86.25162264,AL,3,yes,,yes,,1041,Crenshaw,
2093,2372250,PATSALIGA CREEK NEAR BRANTLEY AL,1145.223,3,31.59627177,-86.40551809,AL,1,yes,,,,1041,Crenshaw,
2098,2374500,MURDER CREEK NEAR EVERGREEN AL,445.7151,3,31.41850006,-86.9866403,AL,3,yes,,yes,yes,1035,Conecuh,
2116,2381600,"FAUSETT CREEK NEAR TALKING ROCK, GA",10.3248,3,34.57036618,-84.46881552,GA,1,yes,,,,13123,Gilmer,
2122,2384540,"MILL CREEK NEAR CRANDALL, GA",21.3714,3,34.87202382,-84.72132621,GA,1,yes,,,,13213,Murray,
2153,2395120,"TWO RUN CREEK NEAR KINGSTON, GA",84.0105,3,34.24277778,-84.88972222,GA,1,yes,,,,13015,Bartow,
2176,2408540,HATCHET CREEK BELOW ROCKFORD AL,682.4097,3,32.91678962,-86.27025073,AL,1,yes,,,,1037,Coosa,
2187,2415000,HILLABEE CREEK NEAR HACKNEYVILLE AL,491.3829,3,33.0667867,-85.87912978,AL,1,yes,,,,1123,Tallapoosa,
2196,2422500,MULBERRY CREEK AT JONES AL,527.5476,3,32.58291031,-86.90359911,AL,1,yes,,,yes,1047,Dallas,
2214,2427250,"PINE BARREN CREEK NEAR SNOW HILL, AL.",675.2439,3,31.996258,-87.068319,AL,1,yes,,,,1131,Wilcox,
2220,2430085,"RED BUD CREEK NR MOORES MILL, MS",40.5621,3,34.46666667,-88.28361111,MS,1,yes,,,,28141,Tishomingo,
2221,2430615,"MUD CREEK NR FAIRVIEW, MS",28.7145,3,34.3925,-88.355,MS,1,yes,,,,28057,Itawamba,
2251,2450250,SIPSEY FORK NEAR GRAYSON AL,231.8252,3,34.28537757,-87.39890838,AL,3,yes,yes,yes,yes,1133,Winston,
2271,2464000,NORTH RIVER NEAR SAMANTHA AL,578.9448,3,33.47928058,-87.5972297,AL,1,yes,,,,1125,Tuscaloosa,
2272,2464146,TURKEY CREEK NEAR TUSCALOOSA,15.8229,3,33.41344824,-87.5105601,AL,1,yes,,,,1125,Tuscaloosa,
2273,2464360,BINION CREEK BELOW GIN CREEK NEAR SAMANTHA AL,148.6152,3,33.42483704,-87.6425091,AL,1,yes,,,,1125,Tuscaloosa,
2277,2465493,ELLIOTTS CREEK AT MOUNDVILLE AL,83.4174,3,32.99734636,-87.62222952,AL,1,yes,,,,1065,Hale,
2283,2469800,SATILPA CREEK NEAR COFFEEVILLE AL,422.6814,3,31.74432473,-88.02250658,AL,4,yes,,,yes,1025,Clarke,mobl
2287,2472000,"LEAF RIVER NR COLLINS, MS",1927.134,3,31.70694444,-89.40694444,MS,1,yes,,,,28031,Covington,
2288,2472500,"BOUIE CREEK NR HATTIESBURG, MS",789.9363,3,31.42583333,-89.41472222,MS,1,yes,,yes,,28035,Forrest,
2306,2479155,"CYPRESS CREEK NR JANICE, MS",137.2806,3,31.02527778,-89.01666667,MS,1,yes,yes,yes,,28111,Perry,
2308,2479300,"RED CREEK AT VESTRY, MS",1144.201,3,30.73611111,-88.78111111,MS,3,yes,,yes,,28039,George,
2312,2479560,ESCATAWPA RIVER NEAR AGRICOLA MS,1454.328,3,30.80907749,-88.45862738,MS,1,yes,,,,28039,George,
2316,2481000,"BILOXI RIVER AT WORTHAM, MS",249.2316,3,30.5586111,-89.1219444,MS,1,yes,,,,28047,Harrison,
2317,2481510,"WOLF RIVER NR LANDON, MS",800.6598,3,30.48361111,-89.27444444,MS,1,yes,,,,28047,Harrison,
2341,3010655,"Oswayo Creek at Shinglehouse, PA",254.4417,5,41.96173237,-78.19806624,PA,1,yes,,,,42105,Potter,
2343,3011800,"Kinzua Creek near Guffey, PA",100.0953,5,41.76645099,-78.71863999,PA,3,yes,,yes,,42083,Mckean,
2350,3015500,"Brokenstraw Creek at Youngsville, PA",784.8513,5,41.85255871,-79.31727083,PA,3,yes,,yes,yes,42123,Warren,
2355,3021350,"French Creek near Wattsburg, PA",239.6691,5,42.01533201,-79.78255074,PA,1,yes,,,yes,42049,Erie,
2364,3026500,"Sevenmile Run near Rasselas, PA",20.3058,5,41.63117349,-78.57668985,PA,1,yes,,,,42083,Mckean,
2366,3028000,"West Branch Clarion River at Wilcox, PA",161.1102,5,41.57533955,-78.69224919,PA,6,yes,,yes,yes,42047,Elk,
2390,3049000,"Buffalo Creek near Freeport, PA",357.1533,5,40.71589833,-79.6994935,PA,1,yes,,yes,yes,42019,Butler,
2395,3049800,"Little Pine Creek near Etna, PA",14.8878,5,40.5203462,-79.93810799,PA,1,yes,,,,42003,Allegheny,
2397,3050000,"TYGART VALLEY RIVER NEAR DAILEY, WV",487.287,5,38.809275,-79.8817342,WV,1,yes,,,,54083,Randolph,
2417,3066000,"BLACKWATER R AT DAVIS, WV",222.7851,5,39.12705242,-79.46838516,WV,1,yes,,,,54093,Tucker,
2421,3069500,"CHEAT RIVER NEAR PARSONS, WV",1856.853,5,39.12288353,-79.68117409,WV,3,yes,,yes,yes,54093,Tucker,
2424,3070500,"BIG SANDY CREEK AT ROCKVILLE, WV",517.3794,5,39.61563755,-79.70477427,WV,1,yes,,,,54077,Preston,
2435,3076600,"BEAR CREEK AT FRIENDSVILLE, MD",127.3991,5,39.65613889,-79.39411111,MD,4,yes,,,,24023,Garrett,almn
2437,3078000,"CASSELMAN RIVER AT GRANTSVILLE, MD",161.4825,5,39.70219444,-79.13638889,MD,3,yes,,yes,,24023,Garrett,
2523,3140000,Mill Creek near Coshocton OH,70.3458,5,40.36284598,-81.86235635,OH,1,yes,,,,39031,Coshocton,
2529,3144000,Wakatomika Creek near Frazeysburg OH,363.4146,5,40.13256823,-82.14792013,OH,3,yes,,yes,yes,39119,Muskingum,
2556,3159540,Shade River near Chester OH,400.851,5,39.06368935,-81.88180237,OH,1,yes,,,,39105,Meigs,
2557,3161000,"SOUTH FORK NEW RIVER NEAR JEFFERSON, NC",527.8624,5,36.39333333,-81.40694444,NC,4,yes,,yes,yes,37009,Ashe,kana
2558,3164000,"NEW RIVER NEAR GALAX, VA",2952.736,5,36.64734972,-80.978969,VA,4,yes,,yes,,51077,Grayson,kana
2559,3165000,"CHESTNUT CREEK AT GALAX, VA",101.9961,5,36.64596133,-80.91924444,VA,1,yes,,,,51640,Galax,
2564,3170000,"LITTLE RIVER AT GRAYSONTOWN, VA",794.6403,5,37.03762635,-80.55672394,VA,4,yes,,yes,,51121,Montgomery,kana
2567,3173000,"WALKER CREEK AT BANE, VA",773.3151,5,37.26817845,-80.70951247,VA,1,yes,,yes,,51071,Giles,
2574,3180500,"GREENBRIER RIVER AT DURBIN, WV",345.0564,5,38.54372659,-79.83311495,WV,1,yes,,yes,,54075,Pocahontas,
2575,3182500,"GREENBRIER RIVER AT BUCKEYE, WV",1364.974,5,38.18595326,-80.13062254,WV,3,yes,,yes,,54075,Pocahontas,
2582,3186500,"WILLIAMS RIVER AT DYER, WV",329.6805,5,38.37899915,-80.48397372,WV,4,yes,,yes,,54101,Webster,kana
2584,3187500,"CRANBERRY RIVER NEAR RICHWOOD, WV",207.415,5,38.29539032,-80.52647493,WV,4,yes,,yes,,54067,Nicholas,kana
2637,3213700,"TUG FORK AT WILLIAMSON, WV",2425.06,5,37.67315699,-82.28014077,KY,1,yes,,,,21195,Pike,
2679,3237280,Upper Twin Creek at McGaw OH,32.9542,5,38.64368745,-83.21573648,OH,3,yes,,,,39145,Scioto,
2680,3237500,Ohio Brush Creek near West Union OH,1003.208,5,38.80368382,-83.42102265,OH,3,yes,,yes,yes,39001,Adams,
2682,3238500,White Oak Creek near Georgetown OH,568.5038,5,38.85812494,-83.92853941,OH,3,yes,,,,39015,Brown,
2686,3241500,Massies Creek at Wilberforce OH,170.9145,5,39.72283771,-83.88270656,OH,1,yes,,,,39057,Greene,
2763,3280700,"CUTSHIN CREEK AT WOOTON, KY",158.2227,5,37.16509314,-83.30795645,KY,1,yes,,,,21131,Leslie,
2767,3281100,"GOOSE CREEK AT MANCHESTER, KY",422.7237,5,37.15203405,-83.7601974,KY,1,yes,,,,21051,Clay,
2768,3281500,"SOUTH FORK KENTUCKY RIVER AT BOONEVILLE, KY",1838.22,5,37.47981018,-83.67519226,KY,3,yes,,yes,,21189,Owsley,
2782,3285000,"DIX RIVER NEAR DANVILLE, KY",822.3408,5,37.64202341,-84.66077678,KY,1,yes,,yes,yes,21079,Garrard,
2802,3291780,"INDIAN-KENTUCK CREEK NR CANAAN, IND.",71.4105,5,38.8781136,-85.25717882,IN,1,yes,,,,18077,Jefferson,
2834,3300400,"BEECH FORK AT MAUD, KY",1128.578,5,37.83283985,-85.29606856,KY,1,yes,,,,21229,Washington,
2925,3338780,"NORTH FORK VERMILION RIVER NEAR BISMARCK, IL",691.5555,5,40.265314,-87.642799,IL,1,yes,,,,17183,Vermilion,
2932,3340800,BIG RACCOON CREEK NEAR FINCASTLE IND,357.6537,5,39.81254461,-86.95389884,IN,3,yes,,yes,,18133,Putnam,
2945,3346000,"NORTH FORK EMBARRAS RIVER NEAR OBLONG, IL",814.6935,5,39.01004218,-87.9455882,IL,3,yes,,yes,yes,17033,Crawford,
2991,3357350,"PLUM CREEK NEAR BAINBRIDGE, IND.",7.7535,5,39.76171297,-86.72945046,IN,1,yes,,,,18133,Putnam,
3010,3364500,"CLIFTY CREEK AT HARTSVILLE, IN",237.0879,5,39.27477321,-85.70164687,IN,1,yes,,,,18005,Bartholomew,
3014,3366500,"MUSCATATUCK RIVER NEAR DEPUTY, IN",755.2151,5,38.80422346,-85.67385502,IN,4,yes,,,,18077,Jefferson,whmi
3015,3368000,"BRUSH CREEK NEAR NEBRASKA, IN",29.7216,5,39.07033129,-85.48607656,IN,1,yes,,,,18079,Jennings,
3044,3384450,"LUSK CREEK NEAR EDDYVILLE, IL",111.1266,5,37.4722725,-88.54726928,IL,1,yes,,,,17151,Pope,
3105,3439000,"FRENCH BROAD RIVER AT ROSMAN, NC",178.6674,6,35.14333333,-82.82472222,NC,4,yes,,,,37175,Transylvania,tenn
3115,344894205,"NORTH FORK SWANNANOA RIVER NEAR WALKERTOWN, NC",38.6046,6,35.683333,-82.333056,NC,1,yes,,,,37021,Buncombe,
3116,3450000,"BEETREE CREEK NEAR SWANNANOA, NC",14.0805,6,35.65305556,-82.40527778,NC,1,yes,,yes,,37021,Buncombe,
3123,3455500,"W F PIGEON R ABOVE LAKE LOGAN NR HAZELWOOD, NC",72.9522,6,35.39611111,-82.9375,NC,3,yes,,yes,,37087,Haywood,
3127,3456500,"EAST FORK PIGEON RIVER NEAR CANTON, NC",133.4268,6,35.46166667,-82.86972222,NC,1,yes,,yes,,37087,Haywood,
3133,3460000,"CATALOOCHEE CREEK NEAR CATALOOCHEE, NC",127.019,6,35.6675,-83.07361111,NC,1,yes,yes,yes,yes,37087,Haywood,
3137,3463300,"SOUTH TOE RIVER NEAR CELO, NC",112.1589,6,35.83150735,-82.18428691,NC,1,yes,,yes,,37199,Yancey,
3149,3471500,"S F HOLSTON RIVER AT RIVERSIDE NR CHILHOWIE, VA",198.1611,6,36.76039313,-81.63122929,VA,1,yes,,,,51173,Smyth,
3150,3473000,"S F HOLSTON RIVER NEAR DAMASCUS, VA",784.8126,6,36.65178127,-81.84401023,VA,1,yes,,yes,,51191,Washington,
3155,3479000,"WATAUGA RIVER NEAR SUGAR GROVE, NC",235.6011,6,36.23916667,-81.82222222,NC,1,yes,,yes,yes,37189,Watauga,
3161,3488000,"N F HOLSTON RIVER NEAR SALTVILLE, VA",578.206,6,36.89678115,-81.74622934,VA,4,yes,,yes,,51173,Smyth,tenn
3171,3498500,"LITTLE RIVER NEAR MARYVILLE, TN",696.7582,6,35.78562063,-83.88460359,TN,4,yes,,,,47009,Blount,tenn
3174,3500000,"LITTLE TENNESSEE RIVER NEAR PRENTISS, NC",361.1439,6,35.15,-83.37972222,NC,1,yes,,yes,yes,37113,Macon,
3175,3500240,"CARTOOGECHAYE CREEK NEAR FRANKLIN, NC",145.8639,6,35.15888889,-83.39416667,NC,1,yes,,yes,,37113,Macon,
3180,3504000,"NANTAHALA RIVER NEAR RAINBOW SPRINGS, NC",134.5167,6,35.1275,-83.61861111,NC,1,yes,,yes,,37043,Clay,
3246,3574500,PAINT ROCK RIVER NEAR WOODVILLE AL,813.8025,6,34.62425473,-86.30637373,AL,3,yes,,yes,yes,1071,Jackson,
3271,3592718,"LITTLE YELLOW CREEK EAST NR BURNSVILLE, MS",66.9897,6,34.83555556,-88.28805556,MS,1,yes,,,yes,28141,Tishomingo,
3275,3597590,"WARTRACE CREEK BELOW COUNTY ROAD AT WARTRACE, TN",92.943,6,35.527295,-86.340271,TN,1,yes,,,,47003,Bedford,
3288,3604000,"BUFFALO RIVER NEAR FLAT WOODS, TN",1163.026,6,35.49590598,-87.83280366,TN,4,yes,,yes,yes,47135,Perry,tenn
3300,4015330,"KNIFE RIVER NEAR TWO HARBORS, MN",224.3547,4,46.94688005,-91.79240133,MN,1,yes,,,,27137,St Louis,
3309,4024430,"NEMADJI RIVER NEAR SOUTH SUPERIOR, WI",1091.25,4,46.63327388,-92.09408026,WI,1,yes,,,,55031,Douglas,
3311,4027000,"BAD RIVER NEAR ODANAH, WI",1619.847,4,46.48661442,-90.69629696,WI,3,yes,,yes,,55003,Ashland,
3326,4040500,"STURGEON RIVER NEAR SIDNAW, MI",419.8266,4,46.58410589,-88.57596973,MI,3,yes,,yes,yes,26013,Baraga,
3330,4043050,"TRAP ROCK RIVER NEAR LAKE LINDEN, MI",76.6224,4,47.22853637,-88.38539282,MI,1,yes,,,,26061,Houghton,
3338,4045500,"TAHQUAMENON RIVER NEAR PARADISE, MI",1909.592,4,46.57501478,-85.26955476,MI,3,yes,,yes,yes,26095,Luce,
3342,4056500,"MANISTIQUE RIVER NEAR MANISTIQUE, MI",2945.888,4,46.03052857,-86.16124902,MI,1,yes,,yes,,26153,Schoolcraft,
3344,4057510,"STURGEON RIVER NEAR NAHMA JUNCTION, MI",473.5728,4,45.94302355,-86.70569966,MI,1,yes,,,yes,26041,Delta,
3345,4057800,"MIDDLE BRANCH ESCANABA RIVER AT HUMBOLDT, MI",115.8705,4,46.49910267,-87.88652383,MI,1,yes,,,,26103,Marquette,
3351,4059500,"FORD RIVER NEAR HYDE, MI",1184.366,4,45.75552297,-87.2015238,MI,3,yes,,yes,,26041,Delta,
3362,4063700,"POPPLE RIVER NEAR FENCE, WI",362.5712,4,45.7635697,-88.4631785,WI,4,yes,yes,yes,,55037,Florence,wmic
3389,4074950,"WOLF RIVER AT LANGLADE, WI",1205.531,4,45.18997026,-88.73343978,WI,1,yes,,,yes,55067,Langlade,
3460,4105700,"AUGUSTA CREEK NEAR AUGUSTA, MI",98.0415,4,42.35337341,-85.35388936,MI,1,yes,,,,26077,Kalamazoo,
3483,4115265,"FISH CREEK NEAR CRYSTAL, MI",95.77711,4,43.2497545,-84.9811245,MI,1,yes,,,,26117,Montcalm,
3499,4122200,"WHITE RIVER NEAR WHITEHALL, MI",1048.284,4,43.46417856,-86.23256675,MI,1,yes,,,yes,26121,Presque Isle,
3500,4122500,"PERE MARQUETTE RIVER AT SCOTTVILLE, MI",1769.188,4,43.94500632,-86.2786896,MI,1,yes,,,,26105,Mason,
3503,4124000,"MANISTEE RIVER NEAR SHERMAN, MI",2243.628,4,44.43639239,-85.69867924,MI,3,yes,,,,26165,Wexford,
3514,4127918,"PINE RIVER NEAR RUDYARD, MI",548.2863,4,46.18585053,-84.59782625,MI,1,yes,,,,26033,Chippewa,
3515,4127997,"STURGEON RIVER AT WOLVERINE, MI",487.1601,4,45.27445746,-84.60003148,MI,1,yes,,,,26031,Cheboygan,
3579,4161580,"STONY CREEK NEAR ROMEO, MI",64.3104,4,42.8008637,-83.0902121,MI,1,yes,,,,26099,Macomb,
3624,4185000,Tiffin River at Stryker OH,1064.001,4,41.50449567,-84.42967186,OH,1,yes,,,yes,39171,Williams,
3640,4196800,Tymochtee Creek at Crawford OH,608.067,4,40.92283322,-83.34881158,OH,1,yes,,,,39175,Wyandot,
3642,4197100,Honey Creek at Melmore OH,388.2105,4,41.022278,-83.10963818,OH,1,yes,,,,39147,Seneca,
3643,4197170,Rock Creek at Tiffin OH,95.20831,4,41.11366592,-83.16825212,OH,1,yes,,,,39147,Seneca,
3666,4213000,Conneaut Creek at Conneaut OH,455.2974,4,41.92699898,-80.60396593,OH,3,yes,,yes,yes,39007,Ashtabula,
3668,4213075,"Brandy Run near Girard, PA",11.6514,4,41.9920003,-80.2911737,PA,1,yes,,,,42049,Erie,
3674,4216418,TONAWANDA CREEK AT ATTICA NY,196.4727,4,42.86394893,-78.28362793,NY,1,yes,,,,36121,Wyoming,
3682,4221000,GENESEE RIVER AT WELLSVILLE NY,750.879,4,42.12229032,-77.95722459,NY,1,yes,,yes,yes,36003,Allegany,
3685,4224775,CANASERAGA CREEK ABOVE DANSVILLE NY,231.8445,4,42.5356226,-77.70416132,NY,1,yes,,,,36051,Livingston,
3702,4233000,CAYUGA INLET NEAR ITHACA NY,91.8999,4,42.3931287,-76.5449429,NY,1,yes,,,,36109,Tompkins,
3731,4256000,INDEPENDENCE RIVER AT DONNATTSBURG NY,232.4457,4,43.74729136,-75.33434745,NY,3,yes,,yes,yes,36049,Lewis,
3786,4296000,"BLACK RIVER AT COVENTRY, VT",302.1894,1,44.86893639,-72.2701042,VT,1,yes,,yes,yes,50019,Orleans,
3809,5056000,"SHEYENNE RIVER NR WARWICK, ND",4862.024,9,47.80555344,-98.71621718,ND,4,yes,,yes,,38027,Eddy,redn
3812,5057000,"SHEYENNE RIVER NR COOPERSTOWN, ND",7582.457,9,47.43277097,-98.02759541,ND,1,yes,,yes,yes,38039,Griggs,
3813,5057200,"BALDHILL CREEK NR DAZEY, ND",1897.332,9,47.22915623,-98.12481891,ND,1,yes,,yes,,38003,Barnes,
3828,5062500,"WILD RICE RIVER AT TWIN VALLEY, MN",2407.047,9,47.26662917,-96.24478028,MN,4,yes,,yes,,27107,Norman,redn
3849,5087500,"MIDDLE RIVER AT ARGYLE, MN",600.8184,9,48.34108857,-96.81811688,MN,1,yes,,,,27089,Marshall,
3862,5120500,"WINTERING RIVER NR KARLSRUHE, ND",1509.827,9,48.13833739,-100.5398623,ND,1,yes,,yes,,38049,Mchenry,
3863,5123400,"WILLOW CREEK NR WILLOW CITY, ND",3206.101,9,48.58888752,-100.4420787,ND,1,yes,,yes,yes,38049,Mchenry,
3870,5129115,"VERMILION RIVER NR CRANE LAKE, MN",2357.585,9,48.26462833,-92.56599361,MN,1,yes,,,,27137,St Louis,
3873,5131500,"LITTLE FORK RIVER AT LITTLEFORK, MN",4383.507,9,48.39577639,-93.54932667,MN,3,yes,,yes,,27071,Koochiching,
3905,5291000,"WHETSTONE RIVER NEAR BIG STONE CITY, SD",1046.776,7,45.29163167,-96.48755694,SD,1,yes,,yes,yes,46051,Grant,
3950,5362000,"JUMP RIVER AT SHELDON, WI",1477.292,7,45.30802638,-90.95652506,WI,3,yes,,yes,,55107,Rusk,
3985,5393500,"SPIRIT RIVER AT SPIRIT FALLS, WI",220.4352,7,45.44913202,-89.97931083,WI,3,yes,,yes,,55069,Lincoln,
3990,5399500,"BIG EAU PLEINE RIVER AT STRATFORD, WI",576.3033,7,44.82190984,-90.07957543,WI,1,yes,,yes,yes,55073,Marathon,
4001,5408000,"KICKAPOO RIVER AT LA FARGE, WI",689.3334,7,43.57414037,-90.64318611,WI,1,yes,,yes,yes,55123,Vernon,
4007,5412500,"Turkey River at Garber, IA",3858.214,7,42.73998843,-91.26179908,IA,3,yes,,yes,,19043,Clayton,
4008,5413500,"GRANT RIVER AT BURTON, WI",695.3256,7,42.72027114,-90.81929352,WI,3,yes,,yes,yes,55043,Grant,
4009,5414000,"PLATTE RIVER NEAR ROCKVILLE, WI",370.7901,7,42.73110419,-90.64040529,WI,3,yes,,yes,,55043,Grant,
4071,5444000,"ELKHORN CREEK NEAR PENROSE, IL",376.3512,7,41.90280739,-89.69622298,IL,1,yes,,yes,yes,17195,Whiteside,
4087,5454000,"Rapid Creek near Iowa City, IA",65.3814,7,41.70001652,-91.48766843,IA,1,yes,,,,19103,Johnson,
4099,5458000,"Little Cedar River near Ionia, IA",776.7648,7,43.03328014,-92.50354351,IA,3,yes,,yes,,19037,Chickasaw,
4115,5466500,"EDWARDS RIVER NEAR NEW BOSTON, IL",1151.567,7,41.18697738,-90.96736632,IL,1,yes,,,,17131,Mercer,
4161,5487980,"White Breast Creek near Dallas, IA",882.7254,7,41.24688494,-93.26606966,IA,1,yes,,,,19125,Marion,
4163,5488200,"English Creek near Knoxville, IA",234.2088,7,41.30055336,-93.04548051,IA,1,yes,,,,19125,Marion,
4165,5489000,"Cedar Creek near Bussey, IA",964.7559,7,41.21900212,-92.90853319,IA,1,yes,,yes,,19125,Marion,
4169,5495000,"Fox River at Wayland, MO",1027.552,7,40.39240833,-91.597875,MO,1,yes,,yes,,29045,Clark,
4170,5495500,"BEAR CREEK NEAR MARCELLINE, IL",905.5557,7,40.14282371,-91.33737008,IL,3,yes,,,yes,17001,Adams,
4178,5501000,"North River at Palmyra, MO",922.8276,7,39.81799167,-91.5177,MO,1,yes,,yes,yes,29127,Marion,
4184,5503800,"Crooked Creek near Paris, MO",212.6412,7,39.58482778,-91.99348889,MO,1,yes,,,,29137,Monroe,
4193,5507600,"Lick Creek at Perry, MO",275.3757,7,39.43142963,-91.67627075,MO,1,yes,,,,29173,Ralls,
4196,5508805,"Spencer Cr. bl Plum Cr. nr Frankford, MO",536.4018,7,39.52046389,-91.34275,MO,1,yes,,,,29173,Ralls,
4199,5514500,"CUIVRE RIVER NEAR TROY, MO",2407.411,7,39.00880278,-90.97753611,MO,1,yes,,yes,,29113,Lincoln,
4219,5525500,"SUGAR CREEK AT MILFORD, IL",1158.759,7,40.6300362,-87.72391809,IL,4,yes,,,,17075,Iroquois,uirb
4291,5556500,"BIG BUREAU CREEK AT PRINCETON, IL",505.0946,7,41.36586984,-89.49842655,IL,4,yes,,yes,,17011,Bureau,lirb
4331,5584500,"LA MOINE RIVER AT COLMAR, IL",1695.671,7,40.33032166,-90.89624511,IL,4,yes,,,,17109,Mcdonough,lirb
4332,5585000,"LA MOINE RIVER AT RIPLEY, IL",3354.608,7,40.02477041,-90.63179466,IL,1,yes,,yes,,17009,Brown,
4346,5591550,"WHITLEY CREEK NEAR ALLENVILLE, IL",96.20551,7,39.50670031,-88.52755468,IL,1,yes,,,,17139,Moultrie,
4349,5592050,"ROBINSON CREEK NEAR SHELBYVILLE, IL",254.1213,7,39.40587344,-88.89646283,IL,1,yes,,,,17173,Shelby,
4353,5592575,"HICKORY CREEK NEAR BROWNSTOWN, IL",115.2504,7,38.93699,-88.952838,IL,1,yes,,,,17051,Fayette,
4358,5593575,"LITTLE CROOKED CREEK NEAR NEW MINDEN, IL",217.6731,7,38.44171643,-89.41675104,IL,1,yes,,,,17189,Washington,
4360,5593900,"EAST FORK SHOAL CREEK NEAR COFFEEN, IL",145.4472,7,39.14893485,-89.35230484,IL,1,yes,,,yes,17135,Montgomery,
4369,5595730,"RAYSE CREEK NEAR WALTONVILLE, IL",236.7603,7,38.25393889,-89.03979328,IL,1,yes,,,yes,17081,Jefferson,
4403,6037500,Madison River near West Yellowstone MT,1126.247,10U,44.6568722,-111.0682742,MT,1,yes,,yes,yes,30031,Gallatin,
4408,6043500,Gallatin River near Gallatin Gateway MT,2120.42,10U,45.4974286,-111.2705108,MT,1,yes,,yes,,30031,Gallatin,
4465,6154410,Little Peoples Creek near Hays MT,33.4053,10U,47.9661044,-108.6607103,MT,1,yes,,,,30005,Blaine,
4477,6188000,"LAMAR RIVER NR TOWER FALLS RANGER STATION, YNP",1730.28,10U,44.92771567,-110.3938099,WY,1,yes,,yes,,56029,Park,
4479,6191000,Gardner River near Mammoth YNP,513.8847,10U,44.99243556,-110.6913211,MT,1,yes,,yes,,30067,Park,
4480,6191500,Yellowstone River at Corwin Springs MT,6783.593,10U,45.1118797,-110.7943814,MT,4,yes,,yes,,30067,Park,yell
4502,6221400,"DINWOODY CREEK ABOVE LAKES, NEAR BURRIS, WYO.",227.8809,10U,43.34551138,-109.4101431,WY,1,yes,,yes,,56013,Fremont,
4504,6224000,"BULL LAKE CREEK ABOVE BULL LAKE, WY",484.8579,10U,43.17690132,-109.2029109,WY,1,yes,,yes,,56013,Fremont,
4535,6278300,"SHELL CREEK ABOVE SHELL CREEK RESERVOIR, WY",58.851,10U,44.50801953,-107.4036886,WY,1,yes,,yes,,56003,Big Horn,
4539,6280300,"SOUTH FORK SHOSHONE RIVER NEAR VALLEY, WY",793.953,10U,44.20828238,-109.5548879,WY,1,yes,,yes,,56029,Park,
4547,6289000,Little Bighorn River at State Line nr Wyola MT,471.2687,10U,45.0069097,-107.6150953,MT,4,yes,,yes,yes,30003,Big Horn,yell
4552,6291500,Lodge Grass Cr ab Willow C Div nr Wyola MT,217.9557,10U,45.12644468,-107.6005448,MT,1,yes,,,,30003,Big Horn,
4578,6309200,"MIDDLE FORK POWDER RIVER NEAR BARNUM, WY",117.5427,10U,43.57773999,-107.1383995,WY,1,yes,,,,56043,Washakie,
4580,6311000,"NORTH FORK POWDER RIVER NEAR HAZELTON, WY",61.2315,10U,44.02774228,-107.0808955,WY,1,yes,,yes,yes,56019,Johnson,
4607,6332515,"BEAR DEN CREEK NR MANDAREE, ND",191.4867,10U,47.78723694,-102.7685256,ND,1,yes,,yes,yes,38053,Mckenzie,
4618,6339100,"KNIFE RIVER AT MANNING, ND",529.1415,10U,47.23612594,-102.7699074,ND,1,yes,,yes,,38025,Dunn,
4619,6339500,"KNIFE RIVER NR GOLDEN VALLEY, ND",3171.457,10U,47.15445301,-102.0598921,ND,1,yes,,yes,,38057,Mercer,
4628,6344600,"GREEN RIVER NR NEW HRADEC, ND",402.4971,10U,47.02779158,-103.0532355,ND,3,yes,,yes,,38007,Billings,
4642,6350000,"CANNONBALL RIVER AT REGENT, ND",1501.049,10U,46.42667116,-102.5518303,ND,3,yes,,yes,,38041,Hettinger,
4645,6352000,"CEDAR CREEK NR HAYNES, ND",1441.832,10U,46.15417025,-102.4740467,ND,1,yes,,yes,,38001,Adams,
4647,6353000,"CEDAR CREEK NR RALEIGH, ND",4526.511,10U,46.09166988,-101.333742,ND,3,yes,,yes,,38085,Sioux,
4648,6354000,"CANNONBALL RIVER AT BREIEN, ND",10598.19,10U,46.37611111,-100.9344444,ND,1,yes,,yes,,38059,Morton,
4659,6360500,MOREAU R NEAR WHITEHORSE SD,12654.96,10U,45.25581712,-100.8429214,SD,1,yes,,,yes,46041,Dewey,
4677,6404000,BATTLE CR NEAR KEYSTONE SD,151.8273,10U,43.87248893,-103.3365779,SD,1,yes,,,,46103,Pennington,
4679,6406000,BATTLE CR AT HERMOSA SD,436.3389,10U,43.82804586,-103.1960211,SD,1,yes,,,,46033,Custer,
4684,6408700,RHOADS FORK NEAR ROCHFORD SD,20.7954,10U,44.13664933,-103.8585355,SD,1,yes,,,,46103,Pennington,
4685,6409000,CASTLE CR ABOVE DEERFIELD RES NEAR HILL CITY SD,205.3285,10U,44.01359238,-103.8304784,SD,3,yes,,yes,yes,46103,Pennington,
4693,6422500,BOXELDER CR NEAR NEMO SD,243.9207,10U,44.14387557,-103.4549107,SD,1,yes,,,,46093,Meade,
4714,6431500,SPEARFISH CR AT SPEARFISH SD,427.1049,10U,44.48248388,-103.861592,SD,1,yes,,yes,yes,46081,Lawrence,
4729,6440200,"SOUTH FORK BAD R NEAR COTTONWOOD,SD",649.1916,10U,43.968879,-101.76709,SD,1,yes,,,yes,46071,Jackson,
4731,6441500,BAD R NEAR FORT PIERRE SD,8152.545,10U,44.32664897,-100.3843003,SD,1,yes,,yes,,46117,Stanley,
4740,6447000,WHITE R NEAR KADOKA SD,12849.71,10U,43.75249491,-101.5248665,SD,1,yes,,,yes,46071,Jackson,
4743,6447500,LITTLE WHITE R NEAR MARTIN SD,826.6077,10U,43.16666553,-101.6301489,SD,1,yes,,,yes,46007,Bennett,
4749,6450500,LITTLE WHITE R BELOW WHITE RIVER SD,4111.272,10U,43.60138549,-100.7498608,SD,1,yes,,,,46095,Mellette,
4750,6452000,WHITE R NEAR OACOMA SD,25791.04,10U,43.74832745,-99.5564948,SD,1,yes,,yes,,46085,Lyman,
4754,6453600,"PONCA CREEK AT VERDEL, NEBR.",2101.42,10L,42.81099444,-98.17585833,NE,1,yes,,,,31107,Knox,
4767,6464500,KEYA PAHA R AT WEWELA SD,2914.043,10L,43.02889277,-99.78067095,SD,3,yes,,yes,yes,46123,Tripp,
4775,6468170,"JAMES RIVER NR GRACE CITY, ND",2809.098,10U,47.5580525,-98.862885,ND,1,yes,,yes,yes,38031,Foster,
4776,6468250,"JAMES RIVER ABOVE ARROWWOOD LAKE NR KENSAL, ND",3242.608,10U,47.39971891,-98.79760572,ND,1,yes,,,,38031,Foster,
4781,6470800,"BEAR CREEK NR OAKES, ND",1071.145,10U,46.22524393,-98.0717676,ND,1,yes,,,,38021,Dickey,
4799,6477500,FIRESTEEL CR NEAR MOUNT VERNON SD,1512.444,10U,43.7764,-98.24567222,SD,1,yes,,,,46035,Davison,
4805,6479215,BIG SIOUX RIVER NR FLORENCE SD,175.2822,10L,45.18079549,-97.1861904,SD,1,yes,,,,46051,Grant,
4806,6479438,BIG SIOUX R NEAR WATERTOWN SD,951.9129,10L,45.0060753,-97.1650756,SD,1,yes,,,,46029,Codington,
4826,6601000,"OMAHA CR AT HOMER, NEBR",450.1989,10L,42.32158056,-96.48768333,NE,1,yes,,,,31043,Dakota,
4841,6614800,"MICHIGAN RIVER NEAR CAMERON PASS, CO.",4.0284,10L,40.49609409,-105.865012,CO,1,yes,,,yes,8057,Jackson,
4845,6622700,"NORTH BRUSH CREEK NEAR SARATOGA, WY",98.703,10L,41.37024471,-106.5205815,WY,1,yes,,yes,,56007,Carbon,
4847,6623800,"ENCAMPMENT RIVER AB HOG PARK CR, NR ENCAMPMENT, WY",187.6617,10L,41.0235791,-106.824766,WY,1,yes,yes,yes,,56007,Carbon,
4853,6632400,"ROCK CREEK AB KING CANYON CANAL, NR ARLINGTON, WY",162.9855,10L,41.58524549,-106.2227909,WY,1,yes,,yes,,56007,Carbon,
4952,6746095,"JOE WRIGHT CREEK ABOVE JOE WRIGHT RESERVOIR, CO.",8.9046,10L,40.53998222,-105.88279,CO,1,yes,,,,8069,Larimer,
4979,6775500,"MIDDLE LOUP RIVER AT DUNNING, NEBR.",5459.764,10L,41.83124444,-100.1007778,NE,1,yes,,,,31009,Blaine,
4983,6784000,"SOUTH LOUP R AT ST. MICHAEL, NEBR.",6019.745,10L,41.03244444,-98.74053333,NE,4,yes,,,,31019,Buffalo,cnbr
5018,6803510,"LITTLE SALT CREEK NEAR LINCOLN, NEBR.",113.2785,10L,40.89311389,-96.68155278,NE,1,yes,,,,31109,Lancaster,
5021,6803530,"ROCK CREEK NEAR CERESCO, NEBR.",309.7458,10L,41.01569722,-96.54428333,NE,1,yes,,,,31109,Lancaster,
5038,6814000,"TURKEY C NR SENECA, KS",713.826,10L,39.94777732,-96.10861492,KS,1,yes,,yes,,20131,Nemaha,
5089,6846500,"BEAVER C AT CEDAR BLUFFS, KS",4357.758,10L,39.98500557,-100.560148,KS,3,yes,,,,20039,Decatur,
5092,6847900,"PRAIRIE DOG C AB KEITH SEBELIUS LAKE, KS",1536.188,10L,39.76984922,-100.1007792,KS,1,yes,,,,20137,Norton,
5098,6853800,"WHITE ROCK C NR BURR OAK, KS",589.4253,10L,39.89924944,-98.25042485,KS,3,yes,,yes,yes,20089,Jewell,
5132,6876700,"SALT C NR ADA, KS",1056.442,10L,39.13906876,-97.83695994,KS,3,yes,,yes,,20143,Ottawa,
5135,6878000,"CHAPMAN C NR CHAPMAN, KS",776.4183,10L,39.031109,-97.0402922,KS,1,yes,,yes,yes,20041,Dickinson,
5137,6879650,"KINGS C NR MANHATTAN, KS",11.5065,10L,39.10194797,-96.59521413,KS,1,yes,yes,yes,yes,20161,Riley,
5154,6885500,"BLACK VERMILLION R NR FRANKFORT, KS",1062.869,10L,39.68192405,-96.44289431,KS,1,yes,,yes,,20117,Marshall,
5157,6888500,"MILL C NR PAXICO, KS",842.346,10L,39.06265453,-96.15025179,KS,1,yes,,yes,,20197,Wabaunsee,
5162,6889200,"SOLDIER C NR DELIA, KS",385.6599,10L,39.23833024,-95.88859924,KS,5,yes,,yes,,20085,Jackson,
5163,6889500,"SOLDIER C NR TOPEKA, KS",748.5822,10L,39.09938003,-95.72495226,KS,3,yes,,yes,,20177,Shawnee,
5169,6892000,"STRANGER C NR TONGANOXIE, KS",1092.723,10L,39.11632734,-95.01088111,KS,1,yes,,yes,,20103,Leavenworth,
5206,6903400,"Chariton River near Chariton, IA",481.4154,10L,40.95189005,-93.25984769,IA,1,yes,,,,19117,Lucas,
5217,6906800,"Lamine River near Otterville, MO",1414.753,10L,38.70225,-92.9788333,MO,1,yes,,,,29053,Cooper,
5225,6910800,"MARAIS DES CYGNES R NR READING, KS",444.5973,10L,38.56700524,-95.96163206,KS,1,yes,,,,20111,Lyon,
5229,6911900,"DRAGOON C NR BURLINGAME, KS",293.0553,10L,38.71069034,-95.8360288,KS,1,yes,,,,20139,Osage,
5241,6917000,"L OSAGE R AT FULTON, KS",765.7839,10L,38.01896828,-94.71366829,KS,3,yes,,yes,,20011,Bourbon,
5251,6918460,"Turnback Creek above Greenfield, MO",650.6892,10L,37.40236944,-93.80202778,MO,1,yes,,,,29057,Dade,
5256,6919500,"Cedar Creek near Pleasant View, MO",1069.424,10L,37.83420277,-93.87549183,MO,1,yes,,,,29039,Cedar,
5259,6921070,"Pomme de Terre River near Polk, MO",712.586,10L,37.68265278,-93.37033333,MO,4,yes,,,,29167,Polk,ozrk
5260,6921200,"Lindley Creek near Polk, MO",323.6193,10L,37.75046667,-93.26618333,MO,1,yes,,,yes,29167,Polk,
5284,6934000,"Gasconade River near Rich Fountain, MO",8264.9,10L,38.38880833,-91.81988889,MO,1,yes,,,,29151,Osage,
5315,7014500,"Meramec River near Sullivan, MO",3845.5,7,38.15853056,-91.10845833,MO,1,yes,,,yes,29055,Crawford,
5409,7056000,"Buffalo River near St. Joe, AR",2149.364,11,35.983175,-92.74755278,AR,4,yes,,yes,,5129,Searcy,ozrk
5414,7057500,"North Fork River near Tecumseh, MO",1456.436,11,36.62303333,-92.248125,MO,1,yes,,yes,,29153,Ozark,
5418,7060710,"North Sylamore Creek near Fifty Six, AR",150.0277,11,35.99535053,-92.21265464,AR,4,yes,yes,yes,,5137,Stone,ozrk
5436,7066000,"Jacks Fork at Eminence, MO",1053.496,11,37.15408056,-91.35816111,MO,1,yes,,,yes,29203,Shannon,
5438,7067000,"Current River at Van Buren, MO",4349.011,11,36.99137778,-91.01351111,MO,4,yes,,yes,,29035,Carter,ozrk
5439,7068000,"Current River at Doniphan, MO",5318.585,11,36.62200294,-90.84762251,MO,1,yes,,yes,,29181,Ripley,
5445,7071500,"Eleven Point River near Bardley, MO",2023.769,11,36.64868056,-91.20081944,MO,1,yes,,yes,,29149,Oregon,
5462,7083000,"HALFMOON CREEK NEAR MALTA, CO.",60.76139,11,39.17221259,-106.3891926,CO,1,yes,yes,yes,yes,8065,Lake,
5507,7105945,"ROCK CREEK ABOVE FORT CARSON RESERVATION, CO.",17.4771,11,38.70749302,-104.8466403,CO,1,yes,,,,8041,El Paso,
5547,7142300,"RATTLESNAKE C NR MACKSVILLE, KS",1819.941,11,37.87159374,-98.8761373,KS,1,yes,,,,20185,Stafford,
5557,7144780,"NF NINNESCAH R AB CHENEY RE, KS",2078.906,11,37.86260737,-98.01385325,KS,1,yes,,yes,,20155,Reno,
5562,7145700,"SLATE C AT WELLINGTON, KS",399.8106,11,37.2495504,-97.40389581,KS,1,yes,,,,20191,Sumner,
5566,7148400,"Salt Fork Arkansas River nr Alva, OK",2544.504,11,36.81503056,-98.6481394,OK,1,yes,,,,40151,Woods,
5567,7149000,"MEDICINE LODGE R NR KIOWA, KS",2291.199,11,37.03920157,-98.47021478,KS,1,yes,,yes,,20007,Barber,
5570,7151500,"CHIKASKIA R NR CORBIN, KS",2108.996,11,37.12891226,-97.60143889,KS,1,yes,,yes,yes,20191,Sumner,
5599,7167500,"OTTER C AT CLIMAX, KS",319.6179,11,37.70820958,-96.22360237,KS,1,yes,,yes,,20073,Greenwood,
5629,7180500,"CEDAR C NR CEDAR POINT, KS",275.5053,11,38.19645062,-96.82457873,KS,1,yes,,yes,yes,20017,Chase,
5635,7184000,"LIGHTNING C NR MCCUNE, KS",510.8391,11,37.28125445,-95.03266782,KS,3,yes,,yes,,20021,Cherokee,
5669,7195800,"Flint Creek at Springtown, AR",38.2347,11,36.25548056,-94.43394167,AR,1,yes,,,,5007,Benton,
5674,7196900,"Baron Fork at Dutch Mills, AR",106.3521,11,35.88008235,-94.48660625,AR,1,yes,,,,5143,Washington,
5675,7197000,"Baron Fork at Eldon, OK",808.4485,11,35.92120028,-94.8385633,OK,4,yes,,yes,yes,40021,Cherokee,ozrk
5686,7208500,"RAYADO CREEK NEAR CIMARRON, NM",159.2235,11,36.37225823,-104.9700026,NM,1,yes,,yes,,35007,Colfax,
5697,7226500,"UTE CREEK NEAR LOGAN, NM",5242.753,11,35.43838224,-103.5257944,NM,1,yes,,,yes,35021,Harding,
5759,7261000,"Cadron Creek near Guy, AR",445.8141,11,35.2988,-92.40393056,AR,3,yes,,yes,yes,5045,Faulkner,
5764,7263295,"Maumelle River at Williams Junction, AR",119.0277,11,34.876201,-92.774612,AR,1,yes,,,,5105,Perry,
5802,7290650,"BAYOU PIERRE NR WILLOWS, MS",1688.728,8,32.01777778,-90.87694444,MS,3,yes,,yes,,28021,Claiborne,
5803,7291000,"HOMOCHITTO RIVER AT EDDICETON, MS",479.2959,8,31.50305556,-90.7775,MS,3,yes,,yes,yes,28037,Franklin,
5804,7292500,"HOMOCHITTO RIVER AT ROSETTA, MS",2073.093,8,31.32472222,-91.10944444,MS,3,yes,,,,28037,Franklin,
5805,7295000,"BUFFALO RIVER NR WOODVILLE, MS",466.5798,8,31.22694444,-91.29555556,MS,1,yes,,,,28157,Wilkinson,
5813,7299670,"Groesbeck Ck at SH 6 nr Quanah, TX",828.3573,11,34.35451979,-99.74037187,TX,1,yes,,yes,yes,48197,Hardeman,
5819,7301410,"Sweetwater Ck nr Kelton, TX",769.6656,11,35.47310419,-100.1209501,TX,3,yes,,yes,,48483,Wheeler,
5822,7301500,"North Fork Red River near Carter, OK",6885.075,11,35.1681083,-99.5073128,OK,1,yes,,,,40009,Beckham,
5850,7315200,"E Fk Little Wichita Rv nr Henrietta, TX",501.6159,11,33.81287833,-98.08504064,TX,1,yes,,yes,yes,48077,Clay,
5851,7315700,"Mud Creek near Courtney, OK",1488.686,11,34.00426528,-97.566968,OK,1,yes,,,,40067,Jefferson,
5891,7335700,"Kiamichi River near Big Cedar, OK",102.5696,11,34.63843694,-94.6127236,OK,3,yes,yes,yes,,40079,Le Flore,
5901,7340300,"Cossatot River near Vandervoort, AR",230.4347,11,34.37955418,-94.235763,AR,1,yes,,yes,yes,5113,Polk,
5919,7346045,"Black Cypress Bayou at Jefferson, TX",959.8869,11,32.77791731,-94.3574153,TX,1,yes,,,,48315,Marion,
5943,7359610,"Caddo River near Caddo Gap, AR",342.2349,8,34.38278,-93.60611,AR,1,yes,,,yes,5097,Montgomery,
5952,7362100,"SMACKOVER CREEK NEAR SMACKOVER, ARK.",996.0786,8,33.37595623,-92.77710581,AR,1,yes,,,yes,5103,Ouachita,
5954,7362587,"Alum Fork Saline River near Reform, AR",69.7725,8,34.797591,-92.933507,AR,1,yes,,,yes,5125,Saline,
5984,7373000,"Big Creek at Pollock, LA",131.1775,8,31.5362873,-92.40847139,LA,1,yes,,yes,yes,22043,Grant,
5986,7375000,"Tchefuncta River near Folsom, LA",249.3477,8,30.61602231,-90.24869545,LA,1,yes,,,yes,22105,Tangipahoa,
5991,7376000,"Tickfaw River at Holden, LA",651.6053,8,30.50380161,-90.67731629,LA,3,yes,,,,22063,Livingston,
5993,7377000,"Amite River near Darlington, LA",1525.312,8,30.88906941,-90.84454541,LA,1,yes,,,,22091,St Helena,
6009,8013000,"CALCASIEU RIVER NR GLENMORA, LA",1293.693,8,30.99602322,-92.67375497,LA,1,yes,,yes,yes,22079,Rapides,
6011,8014500,"Whiskey Chitto Creek Near Oberlin, LA",1305.147,8,30.69875,-92.89319444,LA,4,yes,,,,22003,Allen,acad
6031,8023080,"Bayou Grand Cane near Stanley, LA",187.6086,12,31.97933309,-93.9340773,LA,1,yes,,,,22031,De Soto,
6035,8025500,"Bayou Toro near Toro, LA",383.0247,12,31.30712737,-93.51572947,LA,1,yes,,yes,yes,22085,Sabine,
6040,8029500,"Big Cow Ck nr Newton, TX",333.3996,12,30.81888889,-93.78555556,TX,1,yes,,yes,,48351,Newton,
6083,8050800,"Timber Ck nr Collinsville, TX",100.9324,12,33.55455428,-96.94722668,TX,4,yes,,,,48097,Cooke,trin
6132,8066200,"Long King Ck at Livingston, TX",364.1202,12,30.716306,-94.95882373,TX,3,yes,,yes,yes,48373,Polk,
6134,8066300,"Menard Ck nr Rye, TX",383.5714,12,30.48138889,-94.77972222,TX,4,yes,,,,48291,Liberty,trin
6153,8070000,"E Fk San Jacinto Rv nr Cleveland, TX",841.0554,12,30.33659809,-95.10409994,TX,3,yes,,yes,yes,48291,Liberty,
6154,8070200,"E Fk San Jacinto Rv nr New Caney, TX",989.3655,12,30.1454932,-95.12437563,TX,1,yes,,,,48201,Harris,
6185,8079600,"DMF Brazos Rv at Justiceburg, TX",3348.947,12,33.03843236,-101.1976302,TX,1,yes,,,,48169,Garza,
6195,8082700,"Millers Ck nr Munday, TX",276.0354,12,33.32926607,-99.46508251,TX,1,yes,,yes,,48447,Throckmorton,
6206,8086212,"Hubbard Ck bl Albany, TX",1584.818,12,32.73289717,-99.14062992,TX,1,yes,,yes,yes,48417,Shackelford,
6207,8086290,"Big Sandy Ck abv Breckenridge, TX",732.9825,12,32.64845613,-99.00451456,TX,1,yes,,,,48429,Stephens,
6231,8101000,"Cowhouse Ck at Pidcoke, TX",1177.1,12,31.28489022,-97.88502445,TX,3,yes,,yes,,48099,Coryell,
6234,8103900,"S Fk Rocky Ck nr Briggs, TX",86.00084,12,30.91156805,-98.0369676,TX,1,yes,,yes,,48053,Burnet,
6240,8104900,"S Fk San Gabriel Rv at Georgetown, TX",342.6174,12,30.6257499,-97.69112037,TX,1,yes,,yes,,48491,Williamson,
6247,8109700,"Middle Yegua Ck nr Dime Box, TX",610.1262,12,30.33937764,-96.90470373,TX,1,yes,,yes,yes,48287,Lee,
6300,8150800,"Beaver Ck nr Mason, TX",557.5212,12,30.64351548,-99.09588478,TX,1,yes,,yes,yes,48319,Mason,
6306,8155200,"Barton Ck at SH 71 nr Oak Hill, TX",232.7427,12,30.29631587,-97.925565,TX,1,yes,,,,48453,Travis,
6322,8158700,"Onion Ck nr Driftwood, TX",320.3442,12,30.08298924,-98.00778589,TX,1,yes,,,,48209,Hays,
6323,8158810,"Bear Ck bl FM 1826 nr Driftwood, TX",31.7889,12,30.15548749,-97.94000762,TX,1,yes,,,,48209,Hays,
6336,8164000,"Lavaca Rv nr Edna, TX",2123.997,12,28.95998449,-96.6863668,TX,1,yes,,yes,,48239,Jackson,
6337,8164300,"Navidad Rv nr Hallettsville, TX",861.5421,12,29.46690801,-96.81275597,TX,1,yes,,yes,yes,48285,Lavaca,
6343,8164600,"Garcitas Ck nr Inez, TX",253.9206,12,28.89137591,-96.81914857,TX,1,yes,,,yes,48469,Victoria,
6345,8165300,"N Fk Guadalupe Rv nr Hunt, TX",435.9924,12,30.06409747,-99.38699162,TX,1,yes,,yes,,48265,Kerr,
6361,8171300,"Blanco Rv nr Kyle, TX",1067.474,12,29.97938297,-97.91000511,TX,1,yes,,yes,,48209,Hays,
6367,8175000,"Sandies Ck nr Westhoff, TX",1421.657,12,29.2152475,-97.44943529,TX,3,yes,,yes,,48123,De Witt,
6370,8176900,"Coleto Ck at Arnold Rd nr Schroeder, TX",925.4421,12,28.86165308,-97.2263791,TX,1,yes,,,yes,48175,Goliad,
6379,8178880,"Medina Rv at Bandera, TX",850.5792,12,29.72383537,-99.07003496,TX,1,yes,,,,48019,Bandera,
6405,8189500,"Mission Rv at Refugio, TX",1808.286,12,28.29195088,-97.27915932,TX,1,yes,,yes,,48391,Refugio,
6408,8190000,"Nueces Rv at Laguna, TX",1961.433,12,29.42856679,-99.9972871,TX,4,yes,,yes,,48463,Uvalde,sctx
6409,8190500,"W Nueces Rv nr Brackettville, TX",1799.09,12,29.47273118,-100.2364633,TX,3,yes,,yes,,48271,Kinney,
6413,8194200,"San Casimiro Ck nr Freer, TX",1220.584,12,27.96501329,-98.96696778,TX,1,yes,,yes,yes,48479,Webb,
6415,8195000,"Frio Rv at Concan, TX",1028.286,12,29.48856496,-99.70477562,TX,4,yes,,yes,yes,48463,Uvalde,sctx
6416,8196000,"Dry Frio Rv nr Reagan Wells, TX",326.9781,12,29.50467576,-99.78144517,TX,1,yes,,yes,,48463,Uvalde,
6419,8198500,"Sabinal Rv at Sabinal, TX",624.347,12,29.31430556,-99.4804722,TX,1,yes,,yes,,48463,Uvalde,
6420,8200000,"Hondo Ck nr Tarpley, TX",249.1146,12,29.56967272,-99.24670636,TX,1,yes,,,,48325,Medina,
6425,8202700,"Seco Ck at Rowe Ranch nr D'Hanis, TX",434.745,12,29.37078917,-99.28781853,TX,3,yes,,yes,,48325,Medina,
6484,8267500,"RIO HONDO NEAR VALDEZ, NM",96.2577,13,36.54169317,-105.5563978,NM,1,yes,,yes,,35055,Taos,
6487,8269000,"RIO PUEBLO DE TAOS NEAR TAOS, NM",163.2663,13,36.43947243,-105.5036203,NM,1,yes,,yes,,35055,Taos,
6488,8271000,"RIO LUCERO NEAR ARROYO SECO, NM",43.7742,13,36.50836055,-105.5308423,NM,1,yes,,yes,,35055,Taos,
6521,8324000,"JEMEZ RIVER NEAR JEMEZ, NM",1207.948,13,35.66169371,-106.743369,NM,4,yes,,yes,,35043,Sandoval,riog
6548,8377900,"RIO MORA NEAR TERRERO, NM",139.0311,13,35.77725369,-105.6580725,NM,1,yes,yes,yes,yes,35047,San Miguel,
6549,8378500,"PECOS RIVER NEAR PECOS, NM",444.9591,13,35.70836606,-105.6825171,NM,1,yes,,yes,,35047,San Miguel,
6551,8380500,"GALLINAS CREEK NEAR MONTEZUMA, NM",198.0621,13,35.65198595,-105.3188997,NM,1,yes,,yes,,35047,San Miguel,
6608,9034900,"BOBTAIL CREEK NEAR JONES PASS, CO.",15.6492,14,39.76026447,-105.9064014,CO,1,yes,,,,8049,Grand,
6611,9035800,"DARLING CREEK NEAR LEAL, CO.",22.9437,14,39.80054181,-106.0264066,CO,1,yes,,,,8049,Grand,
6612,9035900,"SOUTH FORK OF WILLIAMS FORK NEAR LEAL, CO.",72.8421,14,39.79581958,-106.0305734,CO,4,yes,,,,8049,Grand,ucol
6624,9047700,"KEYSTONE GULCH NEAR DILLON, CO.",23.5701,14,39.59443117,-105.9725158,CO,1,yes,,,,8117,Summit,
6650,9065500,"GORE CREEK AT UPPER STATION, NEAR MINTURN, CO.",37.7757,14,39.6258193,-106.2780823,CO,1,yes,,,,8037,Eagle,
6651,9066000,"BLACK GORE CREEK NEAR MINTURN, CO.",32.4099,14,39.59637495,-106.2650264,CO,1,yes,,,,8037,Eagle,
6654,9066200,"BOOTH CREEK NEAR MINTURN, CO.",16.0965,14,39.64831927,-106.3230833,CO,1,yes,,,,8037,Eagle,
6655,9066300,"MIDDLE CREEK NEAR MINTURN, CO.",15.5223,14,39.64581933,-106.3822512,CO,1,yes,,,,8037,Eagle,
6678,9081600,"CRYSTAL RIVER AB AVALANCHE C, NEAR REDSTONE, CO.",432.8928,14,39.23220666,-107.2272726,CO,1,yes,,yes,yes,8097,Pitkin,
6692,9107000,"TAYLOR RIVER AT TAYLOR PARK, CO.",331.6194,14,38.86027127,-106.5666966,CO,1,yes,,,,8051,Gunnison,
6747,9183500,"MILL CREEK AT SHELEY TUNNEL, NEAR MOAB, UT.",74.3022,14,38.4830403,-109.4040043,UT,1,yes,,,yes,49037,San Juan,
6767,9210500,"FONTENELLE C NR HERSCHLER RANCH, NR FONTENELLE, WY",398.3094,14,42.09605297,-110.4165559,WY,1,yes,,yes,yes,56023,Lincoln,
6781,9223000,"HAMS FORK BELOW POLE CREEK, NEAR FRONTIER, WY",333.153,14,42.11049394,-110.7096212,WY,1,yes,,yes,,56023,Lincoln,
6873,9306242,"CORRAL GULCH NEAR RANGELY, CO.",81.9855,14,39.92025021,-108.4728719,CO,1,yes,,,yes,8103,Rio Blanco,
6883,9312600,"WHITE RIVER BL TABBYUNE C NEAR SOLDIER SUMMIT, UT",195.2946,14,39.87579282,-111.0373878,UT,1,yes,,,,49049,Utah,
6917,9352900,"VALLECITO CREEK NEAR BAYFIELD, CO.",188.1514,14,37.47750126,-107.5436688,CO,3,yes,yes,yes,yes,8067,La Plata,
6950,9378170,"SOUTH CREEK ABOVE RESERVOIR NEAR MONTICELLO, UT",21.8979,14,37.84666083,-109.3695625,UT,1,yes,,,,49037,San Juan,
6951,9378630,"RECAPTURE CREEK NEAR BLANDING, UT",10.4238,14,37.75555042,-109.476511,UT,1,yes,,,,49037,San Juan,
6967,9386900,"RIO NUTRIA NEAR RAMAH, NM",184.9419,15,35.28252877,-108.5534109,NM,1,yes,,,yes,35031,Mckinley,
6994,9404450,"EAST FORK VIRGIN RIVER NEAR GLENDALE, UT",192.96,15,37.33942723,-112.6043769,UT,1,yes,,yes,yes,49025,Kane,
7032,9423350,CARUTHERS C NR IVANPAH CA,2.2428,15,35.244989,-115.298876,CA,1,yes,,,,6071,San Bernardino,
7038,9430500,"GILA RIVER NEAR GILA, NM",4804.927,15,33.06117891,-108.5372751,NM,1,yes,,yes,,35017,Grant,
7039,9430600,"MOGOLLON CREEK NEAR CLIFF, NM",190.522,15,33.1667329,-108.6497786,NM,1,yes,yes,yes,yes,35017,Grant,
7051,9447800,"BONITA CREEK NEAR MORENCI, AZ.",781.9614,15,32.95561778,-109.5311876,AZ,1,yes,,,yes,4009,Graham,
7067,9480000,"SANTA CRUZ RIVER NEAR LOCHIEL, AZ.",213.381,15,31.35537817,-110.5895264,AZ,3,yes,,yes,,4023,Santa Cruz,
7070,9484000,"SABINO CREEK NEAR TUCSON, AZ.",103.6521,15,32.3167422,-110.8103674,AZ,1,yes,,,,4019,Pima,
7074,9484600,"PANTANO WASH NEAR VAIL, AZ.",1179.589,15,32.0359141,-110.6775818,AZ,1,yes,,,,4019,Pima,
7091,9492400,"EAST FORK WHITE RIVER NEAR FORT APACHE, AZ.",128.9673,15,33.8222723,-109.8145413,AZ,3,yes,,,,4001,Apache,
7092,9494000,"WHITE RIVER NEAR FORT APACHE, AZ.",1628.228,15,33.73644059,-110.1667671,AZ,1,yes,,,,4007,Gila,
7097,9497800,"CIBECUE CREEK NEAR CHYSOTILE, AZ.",750.8628,15,33.84310532,-110.5576092,AZ,1,yes,,,yes,4007,Gila,
7098,9497980,"CHERRY CREEK NEAR GLOBE, AZ.",516.798,15,33.8278262,-110.8562266,AZ,1,yes,,,,4007,Gila,
7115,9505200,"WET BEAVER CREEK NEAR RIMROCK, AZ.",285.6771,15,34.67474409,-111.672094,AZ,1,yes,,,,4025,Yavapai,
7118,9505350,"DRY BEAVER CREEK NEAR RIMROCK, AZ.",365.6619,15,34.72863146,-111.775708,AZ,1,yes,,,,4025,Yavapai,
7120,9505800,"WEST CLEAR CREEK NEAR CAMP VERDE, AZ.",614.9414,15,34.53863606,-111.6940356,AZ,4,yes,,,,4025,Yavapai,cazb
7123,9508300,"WET BOTTOM CREEK NEAR CHILDS, AZ.",93.0006,15,34.16086787,-111.6929235,AZ,3,yes,yes,yes,,4007,Gila,
7127,9510200,"SYCAMORE CREEK NEAR FORT MCDOWELL, AZ.",425.3085,15,33.69421054,-111.541802,AZ,1,yes,,,,4013,Maricopa,
7132,9512280,"CAVE CREEK BLW COTTONWOOD CR NEAR CAVE CREEK, AZ.",188.7093,15,33.88725977,-111.9540388,AZ,1,yes,,,yes,4013,Maricopa,
7138,9513780,"NEW RIVER NEAR ROCK SPRINGS, AZ.",177.4701,15,33.97420168,-112.0990458,AZ,1,yes,,,,4013,Maricopa,
7146,9535100,"SAN SIMON WASH NEAR PISINIMO, AZ.",1482.933,15,32.04423703,-112.3709706,AZ,1,yes,,,,4019,Pima,
7158,10023000,"BIG CREEK NEAR RANDOLPH, UT",131.4567,16,41.60994177,-111.2540876,UT,1,yes,,,,49033,Rich,
7179,10109001,COM F LOGAN R AB ST D AND LO HP AND SM C N LO UT,555.5961,16,41.74437546,-111.7843867,UT,1,yes,,,,49005,Cache,
7227,10166430,"WEST CANYON CREEK NEAR CEDAR FORT, UT",70.173,16,40.40522565,-112.1004959,UT,1,yes,,,yes,49049,Utah,
7232,10172200,"RED BUTTE CREEK AT FORT DOUGLAS, NEAR SLC, UT",18.68708,16,40.77994627,-111.806045,UT,4,yes,yes,yes,yes,49035,Salt Lake,grsl
7233,10172700,"VERNON CREEK NEAR VERNON, UT",69.92911,16,39.97939105,-112.3802297,UT,1,yes,,yes,yes,49045,Tooele,
7234,10172800,"SOUTH WILLOW CREEK NEAR GRANTSVILLE, UT",11.0709,16,40.49633109,-112.5744028,UT,1,yes,,,,49045,Tooele,
7239,10173450,"MAMMOTH CREEK ABV WEST HATCH DITCH, NEAR HATCH, UT",268.5276,16,37.62275721,-112.5168773,UT,1,yes,,,,49017,Garfield,
7249,10205030,"SALINA CREEK NEAR EMERY, UT",134.5977,16,38.911914,-111.530465,UT,1,yes,,yes,yes,49041,Sevier,
7263,10234500,"BEAVER RIVER NEAR BEAVER, UT",236.4192,16,38.28052642,-112.5682713,UT,1,yes,,yes,yes,49001,Beaver,
7269,10242000,"COAL CREEK NEAR CEDAR CITY, UT",208.6857,16,37.67219924,-113.0346702,UT,1,yes,,,,49021,Iron,
7272,10244950,"STEPTOE C NR ELY, NV",28.1961,16,39.20153889,-114.6891611,NV,1,yes,,yes,,32033,White Pine,
7279,10249300,"S TWIN R NR ROUND MOUNTAIN, NV",50.1957,16,38.88743023,-117.2453673,NV,1,yes,yes,yes,yes,32023,Nye,
7294,10258000,TAHQUITZ C NR PALM SPRINGS CA,43.6914,18,33.80501929,-116.5591816,CA,1,yes,,yes,,6065,Riverside,
7295,10258500,PALM CYN C NR PALM SPRINGS CA,241.5123,18,33.74502178,-116.5355709,CA,1,yes,,yes,yes,6065,Riverside,
7296,10259000,ANDREAS C NR PALM SPRINGS CA,22.4568,18,33.76002112,-116.5500155,CA,1,yes,,yes,,6065,Riverside,
7298,10259200,DEEP C NR PALM DESERT CA,79.1235,18,33.63113647,-116.3922342,CA,1,yes,,,,6065,Riverside,
7307,10263500,BIG ROCK C NR VALYERMO CA,59.4639,18,34.42083115,-117.8395072,CA,1,yes,,yes,yes,6037,Los Angeles,
7348,10308200,E F CARSON R BL MARKLEEVILLE C NR MARKLEEVILLECA,716.4228,16,38.71462743,-119.7648985,CA,4,yes,,yes,,6003,Alpine,nvbr
7360,10310500,"CLEAR CREEK NEAR CARSON CITY, NV",39.4893,16,39.11324216,-119.7982365,NV,1,yes,,,,32005,Douglas,
7374,10316500,"LAMOILLE C NR LAMOILLE, NV",64.7784,16,40.69076057,-115.477003,NV,1,yes,,yes,,32007,Elko,
7395,10329500,"MARTIN C NR PARADISE VALLEY, NV",454.5207,16,41.53461752,-117.4179047,NV,1,yes,,yes,yes,32013,Humboldt,
7404,10336645,GENERAL C NR MEEKS BAY CA,19.5984,16,39.05185197,-120.1185209,CA,1,yes,,,,6017,El Dorado,
7405,10336660,BLACKWOOD C NR TAHOE CITY CA,29.7963,16,39.10740708,-120.1621352,CA,1,yes,,yes,,6061,Placer,
7407,10336676,WARD C AT HWY 89 NR TAHOE PINES CA,24.7167,16,39.13212922,-120.1576913,CA,1,yes,,,,6061,Placer,
7413,10336740,"Logan House Ck nr Glenbrook, NV",5.5368,16,39.06657478,-119.9354605,NV,1,yes,,,,32005,Douglas,
7428,10343500,SAGEHEN C NR TRUCKEE CA,27.6027,16,39.43157246,-120.2379793,CA,1,yes,yes,yes,yes,6057,Nevada,
7438,10348850,GALENA C AT GALENA C STATE PARK,19.1385,16,39.35435414,-119.8585225,NV,1,yes,,,,32031,Washoe,
7471,10396000,DONNER UND BLITZEN RIVER NR FRENCHGLEN OR,528.894,17,42.79083333,-118.8675,OR,3,yes,,yes,yes,41025,Harney,
7477,11015000,SWEETWATER R NR DESCANSO CA,117.7605,18,32.83477372,-116.6230747,CA,1,yes,,,,6073,San Diego,
7584,11098000,ARROYO SECO NR PASADENA CA,41.5665,18,34.22222629,-118.1775727,CA,1,yes,,yes,yes,6037,Los Angeles,
7635,11124500,SANTA CRUZ C NR SANTA YNEZ CA,191.5227,18,34.59665633,-119.9087519,CA,1,yes,,yes,,6083,Santa Barbara,
7662,11141280,LOPEZ C NR ARROYO GRANDE CA,54.0072,18,35.23553035,-120.4723857,CA,1,yes,,yes,,6079,San Luis Obispo,
7665,11143000,BIG SUR R NR BIG SUR CA,120.6126,18,36.24579648,-121.7732872,CA,1,yes,,yes,,6053,Monterey,
7675,11148900,NACIMIENTO R BL SAPAQUE C NR BRYSON CA,403.4547,18,35.78857918,-121.0938048,CA,1,yes,,,,6079,San Luis Obispo,
7679,11151300,SAN LORENZO C BL BITTERWATER C NR KING CITY CA,608.2281,18,36.26802087,-121.066303,CA,3,yes,,yes,yes,6053,Monterey,
7710,11162500,PESCADERO C NR PESCADERO CA,118.8711,18,37.26077707,-122.3288603,CA,1,yes,,yes,yes,6081,San Mateo,
7735,11176400,ARROYO VALLE BL LANG CN NR LIVERMORE CA,338.5611,18,37.56132196,-121.6838389,CA,1,yes,,yes,,6001,Alameda,
7741,11180500,DRY C A UNION CITY CA,24.3189,18,37.6060452,-122.0238504,CA,1,yes,,,,6001,Alameda,
7745,11180960,CULL C AB CULL C RES NR CASTRO VALLEY CA,15.0624,18,37.71770737,-122.0544067,CA,1,yes,,,,6001,Alameda,
7799,11224500,LOS GATOS C AB NUNEZ CYN NR COALINGA CA,247.4352,18,36.21467719,-120.4707116,CA,1,yes,,yes,yes,6019,Fresno,
7804,11230500,BEAR C NR LAKE THOMAS A EDISON CA,135.5301,18,37.33938634,-118.9734513,CA,1,yes,,yes,,6019,Fresno,
7810,11237500,PITMAN C BL TAMARACK C CA,59.8239,18,37.19855659,-119.2137328,CA,1,yes,,yes,,6019,Fresno,
7823,11253310,CANTUA C NR CANTUA CREEK CA,120.4371,18,36.40217399,-120.4334917,CA,1,yes,,yes,,6019,Fresno,
7832,11264500,MERCED R A HAPPY ISLES BRIDGE NR YOSEMITE CA,467.9761,18,37.73159272,-119.5587736,CA,4,yes,yes,yes,yes,6043,Mariposa,sanj
7833,11266500,MERCED R A POHONO BRIDGE NR YOSEMITE CA,833.0817,18,37.71687138,-119.6662788,CA,4,yes,,yes,,6043,Mariposa,sanj
7842,11274500,ORESTIMBA C NR NEWMAN CA,347.7503,18,37.31549247,-121.1252081,CA,4,yes,,yes,yes,6099,Stanislaus,sanj
7845,11274630,DEL PUERTO C NR PATTERSON CA,187.4375,18,37.48659935,-121.2091026,CA,4,yes,,,,6099,Stanislaus,sanj
7858,11284400,BIG C AB WHITES GULCH NR GROVELAND CA,41.7168,18,37.84187143,-120.1849103,CA,1,yes,,,,6109,Tuolumne,
7884,11299600,BLACK C NR COPPEROPOLIS CA,37.3239,18,37.96103615,-120.6152035,CA,1,yes,,,,6009,Calaveras,
7896,11315000,COLE C NR SALT SPRINGS DAM CA,54.0108,18,38.51907831,-120.2126928,CA,1,yes,,yes,,6005,Amador,
7967,11381500,MILL C NR LOS MOLINOS CA,337.6305,18,40.05460222,-122.0241542,CA,3,yes,,yes,,6103,Tehama,
7969,11383500,DEER C NR VINA CA,539.7753,18,40.01404745,-121.9483181,CA,4,yes,,yes,yes,6103,Tehama,
8049,11427700,DUNCAN CYN C NR FRENCH MEADOWS CA,25.5231,18,39.1357376,-120.4785353,CA,1,yes,,yes,,6061,Placer,sacr
8087,11451100,NF CACHE C A HOUGH SPRING NR CLEARLAKE OAKS CA,155.0943,18,39.16544583,-122.6199862,CA,1,yes,,yes,,6033,Lake,
8136,11468500,NOYO R NR FORT BRAGG CA,273.5145,18,39.42822378,-123.7377917,CA,1,yes,,yes,,6045,Mendocino,
8145,11473900,MF EEL R NR DOS RIOS CA,1925.013,18,39.70626687,-123.3252913,CA,3,yes,,yes,,6045,Mendocino,
8149,11475560,ELDER C NR BRANSCOMB CA,16.794,18,39.72959972,-123.6439073,CA,1,yes,yes,yes,,6045,Mendocino,
8153,11476600,BULL C NR WEOTT CA,71.8452,18,40.35125028,-124.0039312,CA,1,yes,,yes,,6023,Humboldt,
8155,11478500,VAN DUZEN R NR BRIDGEVILLE CA,572.3766,18,40.48041636,-123.8908761,CA,1,yes,,yes,,6023,Humboldt,
8156,11480390,MAD R AB RUTH RES NR FOREST GLEN CA,242.5977,18,40.28431329,-123.3353034,CA,1,yes,,,yes,6105,Trinity,
8160,11481200,LITTLE R NR TRINIDAD CA,105.4035,18,41.01095903,-124.0817333,CA,1,yes,,yes,,6023,Humboldt,
8162,11482500,REDWOOD C A ORICK CA,718.0398,18,41.2992896,-124.0511825,CA,1,yes,,yes,,6023,Humboldt,
8179,11522500,SALMON R A SOMES BAR CA,1943.12,18,41.37762652,-123.4775582,CA,3,yes,,yes,,6093,Siskiyou,
8181,11523200,TRINITY R AB COFFEE C NR TRINITY CTR CA,382.9356,18,41.1112571,-122.7055788,CA,1,yes,,yes,yes,6105,Trinity,
8194,11528700,SF TRINITY R BL HYAMPOM CA,1980.083,18,40.64986273,-123.4942046,CA,1,yes,,yes,,6105,Trinity,
8197,11532500,SMITH R NR CRESCENT CITY CA,1577.962,18,41.79150263,-124.0761887,CA,3,yes,,yes,yes,6015,Del Norte,
8198,12010000,"NASELLE RIVER NEAR NASELLE, WA",142.182,17,46.3739937,-123.743482,WA,1,yes,,yes,,53049,Pacific,
8200,12013500,"WILLAPA RIVER NEAR WILLAPA, WA",337.6854,17,46.65093418,-123.6526584,WA,1,yes,,yes,,53049,Pacific,
8202,12020000,"CHEHALIS RIVER NEAR DOTY, WA",294.2235,17,46.61732361,-123.277644,WA,1,yes,,yes,,53041,Lewis,
8206,12025000,"NEWAUKUM RIVER NEAR CHEHALIS, WA",404.9037,17,46.6201042,-122.945126,WA,1,yes,,,,53041,Lewis,
8207,12025700,"SKOOKUMCHUCK RIVER NEAR VAIL, WA",103.3029,17,46.77260276,-122.5940086,WA,1,yes,,,,53067,Thurston,
8214,12035000,"SATSOP RIVER NEAR SATSOP, WA",769.8996,17,47.0006512,-123.4948838,WA,1,yes,,yes,,53027,Grays Harbor,
8224,12040500,"QUEETS RIVER NEAR CLEARWATER, WA",1153.437,17,47.53785884,-124.3157457,WA,1,yes,,yes,,53031,Jefferson,
8225,12041200,"HOH RIVER AT US HIGHWAY 101 NEAR FORKS, WA",655.7967,17,47.80674726,-124.2510329,WA,1,yes,,,,53031,Jefferson,
8227,12043000,"CALAWAH RIVER NEAR FORKS, WA",337.185,17,47.96007697,-124.3929872,WA,1,yes,,,,53009,Clallam,
8231,12048000,"DUNGENESS RIVER NEAR SEQUIM, WA",405.0063,17,48.01425781,-123.1326773,WA,1,yes,,yes,,53009,Clallam,
8234,12054000,"DUCKABUSH RIVER NEAR BRINNON, WA",171.675,17,47.68398059,-123.0115511,WA,1,yes,,yes,,53031,Jefferson,
8235,12056500,"NF SKOKOMISH R BL STAIRCASE RPDS NR HOODSPORT, WA",146.9715,17,47.51425666,-123.3298868,WA,4,yes,,yes,,53045,Mason,
8244,12073500,"HUGE CREEK NEAR WAUNA, WA",15.6726,17,47.38926205,-122.6990242,WA,1,yes,,,yes,53053,Pierce,pugt
8250,12082500,"NISQUALLY RIVER NEAR NATIONAL, WA",349.9983,17,46.75260766,-122.0837194,WA,1,yes,,,,53053,Pierce,
8263,12092000,"PUYALLUP RIVER NEAR ELECTRON, WA",240.8814,17,46.90371641,-122.0351092,WA,1,yes,,,,53053,Pierce,
8266,12095000,"SOUTH PRAIRIE CREEK AT SOUTH PRAIRIE, WA",205.8354,17,47.13954628,-122.0926135,WA,1,yes,,,,53053,Pierce,
8292,12114500,"CEDAR RIVER BELOW BEAR CREEK NEAR CEDAR FALLS, WA",66.5559,17,47.34205417,-121.5489858,WA,1,yes,,,,53033,King,
8293,12115000,"CEDAR RIVER NEAR CEDAR FALLS, WA",102.7983,17,47.37010733,-121.6251009,WA,3,yes,,,,53033,King,
8294,12115500,"REX RIVER NEAR CEDAR FALLS, WA",34.7184,17,47.35066169,-121.6631582,WA,1,yes,,,,53033,King,
8298,12117000,"TAYLOR CREEK NEAR SELLECK, WA",44.85363,17,47.38649132,-121.8462217,WA,4,yes,,,,53033,King,
8320,12141300,"MIDDLE FORK SNOQUALMIE RIVER NEAR TANNER, WA",401.5098,17,47.48593975,-121.6478809,WA,1,yes,,,,53033,King,pugt
8323,12143600,"SF SNOQUALMIE RIVER AT EDGEWICK, WA",165.0069,17,47.45260396,-121.7178847,WA,1,yes,,,,53033,King,
8326,12144000,"SF SNOQUALMIE RIVER AT NORTH BEND, WA",210.1059,17,47.49288017,-121.7901109,WA,1,yes,,,,53033,King,
8328,12145500,"RAGING RIVER NEAR FALL CITY, WA",78.9804,17,47.53982388,-121.9090047,WA,1,yes,,,,53033,King,
8330,12147500,"NORTH FORK TOLT RIVER NEAR CARNATION, WA",102.8934,17,47.71232365,-121.7887272,WA,1,yes,,,,53033,King,
8331,12147600,"SOUTH FORK TOLT RIVER NEAR INDEX, WA",14.1264,17,47.70677144,-121.6001069,WA,1,yes,,,,53033,King,
8344,12167000,"NF STILLAGUAMISH RIVER NEAR ARLINGTON, WA",683.7525,17,48.26149178,-122.0476407,WA,1,yes,,,,53061,Snohomish,
8346,12175500,"THUNDER CREEK NEAR NEWHALEM, WA",273.8205,17,48.67262872,-121.0728964,WA,1,yes,,,,53073,Whatcom,
8348,12178100,"NEWHALEM CREEK NEAR NEWHALEM, WA",69.6834,17,48.65595877,-121.2384563,WA,1,yes,,,,53073,Whatcom,
8353,12186000,"SAUK RIVER AB WHITECHUCK RIVER NEAR DARRINGTON, WA",398.4354,17,48.16872009,-121.4706723,WA,1,yes,,yes,,53061,Snohomish,
8354,12189500,"SAUK RIVER NEAR SAUK, WA",1855.317,17,48.42455859,-121.5684634,WA,1,yes,,yes,yes,53057,Skagit,
8422,12358500,Middle Fork Flathead River nr West Glacier MT,2939.194,17,48.49524417,-114.0101189,MT,4,yes,,yes,,30029,Flathead,
8433,12374250,Mill Cr ab Bassoo Cr nr Niarada MT,50.7897,17,47.82966417,-114.6976303,MT,1,yes,,,,30089,Sanders,nrok
8434,12375900,South Crow Creek near Ronan MT,19.7226,17,47.4916,-114.0267742,MT,1,yes,,,,30047,Lake,
8435,12377150,Mission Cr ab Reservoir nr ST Ignatius MT,32.1768,17,47.3229869,-113.9795475,MT,1,yes,,,,30047,Lake,
8436,12381400,South Fork Jocko River near Arlee MT,150.9471,17,47.1954864,-113.8506533,MT,3,yes,,,,30047,Lake,
8437,12383500,Big Knife Creek near Arlee MT,17.6706,17,47.14742806,-113.9742717,MT,1,yes,,,,30047,Lake,
8440,12388400,Revais Cr bl West Fork nr Dixon MT,60.8409,17,47.2663172,-114.4067864,MT,1,yes,,,,30089,Sanders,
8443,12390700,Prospect Creek at Thompson Falls MT,470.2338,17,47.5860461,-115.355153,MT,1,yes,,yes,,30089,Sanders,
8454,12411000,NF COEUR D ALENE R AB SHOSHONE CK NR PRICHARD ID,867.4833,17,47.70611111,-115.9791667,ID,4,yes,,yes,yes,16079,Shoshone,
8455,12413000,NF COEUR D ALENE RIVER AT ENAVILLE ID,2325.166,17,47.56888889,-116.2533333,ID,4,yes,,yes,,16079,Shoshone,nrok
8469,12414500,ST JOE RIVER AT CALDER ID,2678.972,17,47.27464004,-116.1890492,ID,4,yes,,yes,,16079,Shoshone,nrok
8489,12447390,"ANDREWS CREEK NEAR MAZAMA, WA",58.10103,17,48.82292454,-120.1459245,WA,1,yes,yes,yes,,53047,Okanogan,nrok
8495,12451000,"STEHEKIN RIVER AT STEHEKIN, WA",830.5974,17,48.32958017,-120.6917669,WA,3,yes,,yes,yes,53007,Chelan,
8520,12488500,"AMERICAN RIVER NEAR NILE, WA",205.1703,17,46.97761606,-121.168696,WA,1,yes,,yes,yes,53077,Yakima,
8535,13010065,SNAKE RIVER AB JACKSON LAKE AT FLAGG RANCH WY,1222.287,17,44.09888889,-110.6675,WY,1,yes,,,,56039,Teton,
8537,13011500,PACIFIC CREEK AT MORAN WY,404.0775,17,43.85027778,-110.5177778,WY,1,yes,,yes,,56039,Teton,
8538,13011900,BUFFALO FORK AB LAVA CREEK NR MORAN WY,851.8032,17,43.83805556,-110.4411111,WY,3,yes,,yes,,56039,Teton,
8545,13018300,"CACHE CREEK NEAR JACKSON, WY",27.90146,17,43.45215258,-110.7040913,WY,1,yes,yes,yes,yes,56039,Teton,
8549,13023000,GREYS RIVER AB RESERVOIR NR ALPINE WY,1161.929,17,43.14277778,-110.9766667,WY,1,yes,,yes,,56023,Lincoln,
8592,13083000,TRAPPER CREEK NR OAKLEY ID,133.1838,17,42.16583333,-113.9836111,ID,1,yes,,,,16031,Cassia,
8624,13161500,BRUNEAU RIVER AT ROWLAND NV,986.1309,17,41.93323682,-115.6745268,NV,1,yes,,yes,yes,32007,Elko,
8635,13185000,BOISE RIVER NR TWIN SPRINGS ID,2154.389,17,43.65944444,-115.7272222,ID,3,yes,,yes,,16015,Boise,
8654,13235000,SF PAYETTE RIVER AT LOWMAN ID,1163.229,17,44.08527778,-115.6222222,ID,3,yes,,yes,yes,16015,Boise,
8659,13240000,LAKE FORK PAYETTE RIVER AB JUMBO CR NR MCCALL ID,125.5698,17,44.91361111,-115.9972222,ID,1,yes,,yes,,16085,Valley,
8700,13310700,SF SALMON RIVER NR KRASSEL RANGER STATION ID,853.1325,17,44.9869444,-115.725,ID,1,yes,,,,16085,Valley,
8701,13313000,JOHNSON CREEK AT YELLOW PINE ID,561.9358,17,44.96166667,-115.5,ID,6,yes,,yes,yes,16085,Valley,
8715,13331500,"MINAM RIVER NEAR MINAM, OR",618.9291,17,45.61986694,-117.7265892,OR,1,yes,yes,yes,yes,41063,Wallowa,
8722,13337000,LOCHSA RIVER NR LOWELL ID,3053.417,17,46.15083333,-115.5872222,ID,1,yes,,yes,,16049,Idaho,
8724,13338500,SF CLEARWATER RIVER AT STITES ID,3027.002,17,46.08638889,-115.9766667,ID,3,yes,,yes,,16049,Idaho,
8726,13340000,CLEARWATER RIVER AT OROFINO ID,14268.92,17,46.47833333,-116.2575,ID,1,yes,,yes,,16035,Clearwater,
8728,13340600,NF CLEARWATER RIVER NR CANYON RANGER STATION ID,3354.622,17,46.84046563,-115.6207033,ID,1,yes,,yes,,16035,Clearwater,
8750,14020000,"UMATILLA RIVER ABOVE MEACHAM CREEK, NR GIBBON, OR",341.4267,17,45.71957668,-118.3232913,OR,1,yes,,yes,yes,41059,Umatilla,
8804,14092750,"SHITIKE CR, AT PETERS PASTURE, NR WARM SPRINGS, OR",57.4803,17,44.75039516,-121.6333971,OR,1,yes,,,yes,41031,Jefferson,
8809,14096850,"BEAVER CREEK, BLW QUARTZ CR, NR SIMNASHO, OR.",374.6232,17,44.95872724,-121.3942286,OR,1,yes,,,,41065,Wasco,
8828,14137000,"SANDY RIVER NEAR MARMOT, OR",674.2395,17,45.39956422,-122.1373068,OR,3,yes,,yes,yes,41005,Clackamas,
8831,14138800,"BLAZED ALDER CREEK NEAR RHODODENDRON, OREG.",21.2886,17,45.45261834,-121.8914684,OR,1,yes,,,,41005,Clackamas,
8833,14138870,"FIR CREEK NEAR BRIGHTWOOD, OR",14.02431,17,45.48011889,-122.0256385,OR,4,yes,,,,41051,Multnomah,
8834,14138900,"NORTH FORK BULL RUN RIVER NEAR MULTNOMAH FALLS, OR",21.6828,17,45.49428561,-122.0359167,OR,1,yes,,,,41051,Multnomah,will
8836,14139800,"SOUTH FORK BULL RUN RIVER NEAR BULL RUN, OR",40.7034,17,45.44456402,-122.1095292,OR,1,yes,,,,41005,Clackamas,
8839,14141500,"LITTLE SANDY RIVER NEAR BULL RUN, OREG.",59.8653,17,45.41539777,-122.1714746,OR,1,yes,,,,41005,Clackamas,
8856,14154500,"ROW RIVER ABOVE PITCHER CREEK NEAR, DORENA, OREG",546.8105,17,43.7359565,-122.8734019,OR,4,yes,,yes,,41039,Lane,
8860,14158500,"MCKENZIE RIVER AT OUTLET OF CLEAR LAKE, OR",237.0771,17,44.36095451,-121.9956172,OR,1,yes,,,,41043,Linn,will
8861,14158790,"SMITH R AB SMITH R RES NR BELKNAP SPRGS,OREG.",40.5711,17,44.3345666,-122.0470074,OR,1,yes,,,,41043,Linn,
8879,14166500,"LONG TOM RIVER NEAR NOTI, OREG.",226.5246,17,44.04984478,-123.4262097,OR,3,yes,,,,41039,Lane,
8893,14182500,"LITTLE NORTH SANTIAM RIVER NEAR MEHAMA, OR",286.8498,17,44.79151084,-122.5789739,OR,1,yes,,,,41047,Marion,
8896,14185000,"SOUTH SANTIAM RIVER BELOW CASCADIA, OR",458.1774,17,44.39179225,-122.4975817,OR,3,yes,,yes,,41043,Linn,
8897,14185900,"QUARTZVILLE CREEK NEAR CASCADIA, OREG.",258.1965,17,44.54012357,-122.4359155,OR,1,yes,,yes,,41043,Linn,
8898,14187000,"WILEY CREEK NEAR FOSTER, OR",134.7498,17,44.37234769,-122.6231384,OR,1,yes,,,,41043,Linn,
8949,14216500,"MUDDY CREEK BELOW CLEAR CREEK NEAR COUGAR, WA",349.524,17,46.07566882,-121.9986982,WA,1,yes,,,,53059,Skamania,
8953,14222500,"EAST FORK LEWIS RIVER NEAR HEISSON, WA",323.8893,17,45.83678093,-122.4662083,WA,3,yes,,yes,yes,53011,Clark,
8962,14236200,"TILTON RIVER AB BEAR CANYON CREEK NEAR CINEBAR, WA",360.9936,17,46.59538432,-122.4595564,WA,1,yes,,,,53041,Lewis,
8977,14301000,"NEHALEM RIVER NEAR FOSS, OR",1743.544,17,45.70399863,-123.755405,OR,1,yes,,yes,,41057,Tillamook,
8981,14303200,"TUCCA CREEK NEAR BLAINE, OR.",8.0595,17,45.32427635,-123.5465012,OR,1,yes,,,,41057,Tillamook,
8983,14305500,"SILETZ RIVER AT SILETZ, OR",526.3299,17,44.71511723,-123.8873348,OR,1,yes,,,,41041,Lincoln,
8985,14306340,"EAST FORK LOBSTER CREEK NEAR ALSEA, OR.",14.7276,17,44.24789909,-123.6364936,OR,1,yes,,,,41039,Lane,
8987,14306500,"ALSEA RIVER NEAR TIDEWATER, OR",857.1636,17,44.38595381,-123.831778,OR,1,yes,,yes,,41041,Lincoln,
8993,14308990,"COW CREEK ABV GALESVILLE RES, NR AZALEA, OR.",167.7555,17,42.82317665,-123.1258922,OR,1,yes,,,,41019,Douglas,
8995,14309500,"WEST FORK COW CREEK NEAR GLENDALE, OR",224.9208,17,42.80400356,-123.6109071,OR,1,yes,,,,41019,Douglas,
9013,14316700,"STEAMBOAT CREEK NEAR GLIDE, OR",587.8989,17,43.34984202,-122.7289415,OR,1,yes,,yes,,41019,Douglas,
9023,14325000,"SOUTH FORK COQUILLE RIVER AT POWERS, OR",443.0745,17,42.89149904,-124.0706521,OR,1,yes,,yes,yes,41011,Coos,
9047,14362250,"STAR GULCH NEAR RUCH, OR.",41.4216,17,42.15401355,-123.075323,OR,1,yes,,,,41029,Jackson,
9057,14400000,"CHETCO RIVER NEAR BROOKINGS, OR",702.6345,17,42.12344278,-124.1873107,OR,1,yes,,yes,,41015,Curry,
